"Lake","Date","Modified.Year","Year","Month","Species","Kilograms","Hectares","Std.Removal.kg","Std.Removal.lb"
"Center Lake",2001-05-22,"2001","2001","5","BMB",453.514739229025,89,5.09567122729242,5.7114830951107
"Center Lake",2001-05-22,"2001","2001","5","CAP",2811.79138321995,89,31.593161609213,35.4111951896864
"Center Lake",2010-05-13,"2010","2010","5","BMB",2018.14058956916,89,22.6757369614512,25.4160997732426
"Center Lake",2010-05-24,"2010","2010","5","BMB",1179.13832199546,89,13.2487451909603,14.8498560472878
"Center Lake",2010-05-13,"2010","2010","5","CAP",12698.4126984127,89,142.678794364188,159.9215266631
"Center Lake",2010-05-24,"2010","2010","5","CAP",1859.410430839,89,20.8922520318989,23.4170806899539
"Center Lake",2011-05-10,"2011","2011","5","BMB",1587.30158730159,89,17.8348492955235,19.9901908328875
"Center Lake",2011-05-11,"2011","2011","5","BMB",7619.04761904762,89,85.6072766185126,95.9529159978598
"Center Lake",2011-05-10,"2011","2011","5","CAP",4875.28344671202,89,54.7784656933935,61.3984432724401
"Center Lake",2011-05-11,"2011","2011","5","CAP",2063.49206349206,89,23.1853040841805,25.9872480827537
"Center Lake",2012-04-02,"2012","2012","4","BMB",1904.7619047619,89,21.4018191546281,23.988228999465
"Center Lake",2012-04-05,"2012","2012","4","BMB",3129.25170068027,89,35.1601314683177,39.4092333562638
"Center Lake",2012-04-02,"2012","2012","4","CAP",7619.04761904762,89,85.6072766185126,95.9529159978598
"Center Lake",2012-04-05,"2012","2012","4","CAP",2086.16780045351,89,23.4400876455451,26.2728222375092
"Center Lake",2013-04-25,"2013","2013","4","BMB",11247.1655328798,89,126.372646436852,141.644780758745
"Center Lake",2013-04-25,"2013","2013","4","CAP",7596.37188208617,89,85.352493057148,95.6673418431043
"Center Lake",2013-05-14,"2013","2013","5","BMB",430.839002267574,89,4.84088766592779,5.42590894035517
"Center Lake",2013-05-14,"2013","2013","5","CAP",126.984126984127,89,1.42678794364188,1.599215266631
"Center Lake",2014-04-23,"2014","2014","4","BMB",2176.87074829932,89,24.4592218910036,27.4151188565314
"Center Lake",2014-04-24,"2014","2014","4","BMB",5623.58276643991,89,63.1863232184259,70.8223903793727
"Center Lake",2014-04-23,"2014","2014","4","CAP",2675.73696145125,89,30.0644602410252,33.6977502611531
"Center Lake",2014-04-24,"2014","2014","4","CAP",1269.84126984127,89,14.2678794364188,15.99215266631
"Center Lake",2015-04-14,"2015","2015","4","BMB",1904.7619047619,89,21.4018191546281,23.988228999465
"Center Lake",2015-04-15,"2015","2015","4","BMB",8707.48299319728,89,97.8368875640144,109.660475426125
"Center Lake",2015-04-14,"2015","2015","4","CAP",2494.33106575964,89,28.0261917501083,31.4131570231089
"Center Lake",2015-04-15,"2015","2015","4","CAP",5215.41950113379,89,58.6002191138628,65.6820555937731
"Center Lake",2016-05-03,"2016","2016","5","BMB",68.0272108843537,89,0.764350684093862,0.856722464266605
"Center Lake",2016-05-18,"2016","2016","5","BMB",26621.3151927438,89,299.115901042065,335.264057682998
"Center Lake",2016-05-20,"2016","2016","5","BMB",5941.04308390023,89,66.7532930775306,74.8204285459502
"Center Lake",2016-05-03,"2016","2016","5","CAP",158.730158730159,89,1.78348492955235,1.99901908328875
"Center Lake",2016-05-18,"2016","2016","5","CAP",861.678004535147,89,9.68177533185559,10.8518178807103
"Center Lake",2016-05-20,"2016","2016","5","CAP",204.081632653061,89,2.29305205228159,2.57016739279982
"Center Lake",2016-06-03,"2016","2016","6","BMB",181.40589569161,89,2.03826849091697,2.28459323804428
"Center Lake",2016-06-03,"2016","2016","6","CAP",498.866213151927,89,5.60523835002166,6.28263140462177
"Center Lake",2017-04-26,"2017","2017","4","BMB",6439.90929705215,89,72.3585314275523,81.103059950572
"Center Lake",2017-04-27,"2017","2017","4","BMB",2811.79138321995,89,31.593161609213,35.4111951896864
"Center Lake",2017-04-26,"2017","2017","4","CAP",589.569160997732,89,6.62437259548014,7.42492802364391
"Center Lake",2017-04-27,"2017","2017","4","CAP",1995.46485260771,89,22.4209534000866,25.1305256184871
"Center Lake",2017-05-17,"2017","2017","5","BMB",4852.60770975057,89,54.5236821320288,61.1128691176845
"Center Lake",2017-05-17,"2017","2017","5","CAP",1678.00453514739,89,18.8539835409819,21.1324874519096
"Center Lake",2018-01-07,"2018","2018","1","BMB",3174.60317460317,89,35.6696985910469,39.9803816657749
"Center Lake",2018-01-07,"2018","2018","1","CAP",498.866213151927,89,5.60523835002166,6.28263140462177
"Center Lake",2018-03-19,"2018","2018","3","BMB",15147.3922902494,89,170.195418991567,190.763535376697
"Center Lake",2018-03-19,"2018","2018","3","CAP",544.21768707483,89,6.1148054727509,6.85377971413284
"Center Lake",2018-05-09,"2018","2018","5","BMB",997.732426303855,89,11.2104767000433,12.5652628092435
"Center Lake",2018-05-09,"2018","2018","5","CAP",926.530612244898,89,10.4104563173584,11.6685599633112
"Center Lake",2018-06-04,"2018","2018","6","BMB",404.988662131519,89,4.55043440597213,5.10035440393386
"Center Lake",2018-06-04,"2018","2018","6","CAP",63.9455782312925,89,0.71848964304823,0.805319116410609
"Center Lake",2019-04-22,"2019","2019","4","BMB",5442.1768707483,89,61.148054727509,68.5377971413284
"Center Lake",2019-04-22,"2019","2019","4","CAP",1092.06349206349,89,12.2703763153201,13.7532512930266
"Five Island Lake",1999-06-03,"1999","1999","6","BMB",181.40589569161,390,0.465143322286179,0.521355892784464
"Five Island Lake",1999-06-03,"1999","1999","6","CAP",1315.19274376417,390,3.3722890865748,3.77983022268737
"Five Island Lake",1999-10-21,"2000","1999","10","BMB",2267.57369614512,390,5.81429152857724,6.5169486598058
"Five Island Lake",1999-10-22,"2000","1999","10","BMB",1179.13832199546,390,3.02343159486017,3.38881330309902
"Five Island Lake",1999-10-26,"2000","1999","10","BMB",1904.7619047619,390,4.88400488400488,5.47423687423687
"Five Island Lake",1999-10-27,"2000","1999","10","BMB",335.600907029478,390,0.860515146229432,0.964508401651259
"Five Island Lake",1999-10-28,"2000","1999","10","BMB",385.487528344671,390,0.988429559858131,1.10788127216699
"Five Island Lake",1999-10-29,"2000","1999","10","BMB",2358.27664399093,390,6.04686318972033,6.77762660619803
"Five Island Lake",1999-10-21,"2000","1999","10","CAP",113.378684807256,390,0.290714576428862,0.32584743299029
"Five Island Lake",1999-10-22,"2000","1999","10","CAP",680.272108843537,390,1.74428745857317,1.95508459794174
"Five Island Lake",1999-10-26,"2000","1999","10","CAP",1632.65306122449,390,4.18628990057561,4.69220303506018
"Five Island Lake",1999-10-27,"2000","1999","10","CAP",272.108843537415,390,0.697714983429269,0.782033839176696
"Five Island Lake",1999-10-28,"2000","1999","10","CAP",725.62358276644,390,1.86057328914472,2.08542357113786
"Five Island Lake",1999-10-29,"2000","1999","10","CAP",3854.87528344671,390,9.88429559858131,11.0788127216699
"Five Island Lake",1999-11-09,"2000","1999","11","BMB",680.272108843537,390,1.74428745857317,1.95508459794174
"Five Island Lake",1999-11-09,"2000","1999","11","CAP",1723.35600907029,390,4.4188615617187,4.95288098145241
"Five Island Lake",2000-03-20,"2000","2000","3","BMB",589.569160997732,390,1.51171579743008,1.69440665154951
"Five Island Lake",2000-03-21,"2000","2000","3","BMB",1473.92290249433,390,3.77928949357521,4.23601662887377
"Five Island Lake",2000-03-22,"2000","2000","3","BMB",2403.62811791383,390,6.16314902029188,6.90796557939415
"Five Island Lake",2000-03-24,"2000","2000","3","BMB",226.757369614512,390,0.581429152857724,0.65169486598058
"Five Island Lake",2000-03-29,"2000","2000","3","BMB",589.569160997732,390,1.51171579743008,1.69440665154951
"Five Island Lake",2000-03-30,"2000","2000","3","BMB",1156.46258503401,390,2.96528867957439,3.32364381650096
"Five Island Lake",2000-03-20,"2000","2000","3","CAP",1859.410430839,390,4.76771905343334,5.34389790104076
"Five Island Lake",2000-03-21,"2000","2000","3","CAP",5623.58276643991,390,14.4194429908716,16.1620326763184
"Five Island Lake",2000-03-22,"2000","2000","3","CAP",498.866213151927,390,1.27914413628699,1.43372870515728
"Five Island Lake",2000-03-24,"2000","2000","3","CAP",907.02947845805,390,2.3257166114309,2.60677946392232
"Five Island Lake",2000-03-29,"2000","2000","3","CAP",816.326530612245,390,2.09314495028781,2.34610151753009
"Five Island Lake",2000-03-30,"2000","2000","3","CAP",589.569160997732,390,1.51171579743008,1.69440665154951
"Five Island Lake",2000-04-01,"2000","2000","4","BMB",90.702947845805,390,0.23257166114309,0.260677946392232
"Five Island Lake",2000-04-13,"2000","2000","4","BMB",2358.27664399093,390,6.04686318972033,6.77762660619803
"Five Island Lake",2000-04-14,"2000","2000","4","BMB",22.6757369614512,390,0.0581429152857724,0.065169486598058
"Five Island Lake",2000-04-17,"2000","2000","4","BMB",226.757369614512,390,0.581429152857724,0.65169486598058
"Five Island Lake",2000-04-01,"2000","2000","4","CAP",907.02947845805,390,2.3257166114309,2.60677946392232
"Five Island Lake",2000-04-13,"2000","2000","4","CAP",2267.57369614512,390,5.81429152857724,6.5169486598058
"Five Island Lake",2000-04-14,"2000","2000","4","CAP",45.3514739229025,390,0.116285830571545,0.130338973196116
"Five Island Lake",2000-04-17,"2000","2000","4","CAP",1088.43537414966,390,2.79085993371708,3.12813535670678
"Five Island Lake",2000-05-25,"2000","2000","5","BMB",5351.47392290249,390,13.7217280074423,15.3799988371417
"Five Island Lake",2000-05-25,"2000","2000","5","CAP",7732.42630385488,390,19.8267341124484,22.2227949299378
"Five Island Lake",2000-09-08,"2000","2000","9","BMB",5532.8798185941,390,14.1868713297285,15.9013547299262
"Five Island Lake",2000-09-11,"2000","2000","9","BMB",2063.49206349206,390,5.29100529100529,5.93042328042328
"Five Island Lake",2000-09-08,"2000","2000","9","CAP",204.081632653061,390,0.523286237571952,0.586525379382522
"Five Island Lake",2000-09-11,NA,"2000","9","CAP",0,390,0,0
"Five Island Lake",2000-10-11,"2001","2000","10","BMB",2131.51927437642,390,5.46543403686261,6.12593174021745
"Five Island Lake",2000-10-18,"2001","2000","10","BMB",113.378684807256,390,0.290714576428862,0.32584743299029
"Five Island Lake",2000-10-19,"2001","2000","10","BMB",521.541950113379,390,1.33728705157277,1.49889819175533
"Five Island Lake",2000-10-20,"2001","2000","10","BMB",3877.55102040816,390,9.94243851386708,11.1439822082679
"Five Island Lake",2000-10-25,"2001","2000","10","BMB",725.62358276644,390,1.86057328914472,2.08542357113786
"Five Island Lake",2000-10-26,"2001","2000","10","BMB",634.920634920635,390,1.62800162800163,1.82474562474562
"Five Island Lake",2000-10-27,"2001","2000","10","BMB",9523.80952380952,390,24.4200244200244,27.3711843711844
"Five Island Lake",2000-10-11,"2001","2000","10","CAP",657.596371882086,390,1.6861445432874,1.88991511134368
"Five Island Lake",2000-10-18,"2001","2000","10","CAP",136.054421768707,390,0.348857491714635,0.391016919588348
"Five Island Lake",2000-10-19,"2001","2000","10","CAP",385.487528344671,390,0.988429559858131,1.10788127216699
"Five Island Lake",2000-10-20,"2001","2000","10","CAP",725.62358276644,390,1.86057328914472,2.08542357113786
"Five Island Lake",2000-10-25,"2001","2000","10","CAP",1315.19274376417,390,3.3722890865748,3.77983022268737
"Five Island Lake",2000-10-26,"2001","2000","10","CAP",136.054421768707,390,0.348857491714635,0.391016919588348
"Five Island Lake",2000-10-27,"2001","2000","10","CAP",272.108843537415,390,0.697714983429269,0.782033839176696
"Five Island Lake",2001-05-01,"2001","2001","5","BMB",2448.97959183673,390,6.27943485086342,7.03830455259027
"Five Island Lake",2001-05-02,"2001","2001","5","BMB",997.732426303855,390,2.55828827257399,2.86745741031455
"Five Island Lake",2001-05-03,"2001","2001","5","BMB",2675.73696145125,390,6.86086400372115,7.68999941857085
"Five Island Lake",2001-05-08,"2001","2001","5","BMB",1224.48979591837,390,3.13971742543171,3.51915227629513
"Five Island Lake",2001-05-09,"2001","2001","5","BMB",2131.51927437642,390,5.46543403686261,6.12593174021745
"Five Island Lake",2001-05-11,"2001","2001","5","BMB",2358.27664399093,390,6.04686318972033,6.77762660619803
"Five Island Lake",2001-05-14,"2001","2001","5","BMB",929.705215419501,390,2.38385952671667,2.67194895052038
"Five Island Lake",2001-05-23,"2001","2001","5","BMB",1655.32879818594,390,4.24443281586139,4.75737252165823
"Five Island Lake",2001-05-29,"2001","2001","5","BMB",952.380952380952,390,2.44200244200244,2.73711843711844
"Five Island Lake",2001-05-01,"2001","2001","5","CAP",997.732426303855,390,2.55828827257399,2.86745741031455
"Five Island Lake",2001-05-02,"2001","2001","5","CAP",408.163265306122,390,1.0465724751439,1.17305075876504
"Five Island Lake",2001-05-03,"2001","2001","5","CAP",317.460317460317,390,0.814000814000814,0.912372812372812
"Five Island Lake",2001-05-08,"2001","2001","5","CAP",90.702947845805,390,0.23257166114309,0.260677946392232
"Five Island Lake",2001-05-09,"2001","2001","5","CAP",272.108843537415,390,0.697714983429269,0.782033839176696
"Five Island Lake",2001-05-11,"2001","2001","5","CAP",136.054421768707,390,0.348857491714635,0.391016919588348
"Five Island Lake",2001-05-14,"2001","2001","5","CAP",90.702947845805,390,0.23257166114309,0.260677946392232
"Five Island Lake",2001-05-23,"2001","2001","5","CAP",204.081632653061,390,0.523286237571952,0.586525379382522
"Five Island Lake",2001-05-29,"2001","2001","5","CAP",181.40589569161,390,0.465143322286179,0.521355892784464
"Five Island Lake",2001-09-25,"2001","2001","9","BMB",5079.36507936508,390,13.024013024013,14.597964997965
"Five Island Lake",2001-09-27,"2001","2001","9","BMB",226.757369614512,390,0.581429152857724,0.65169486598058
"Five Island Lake",2001-09-25,"2001","2001","9","CAP",657.596371882086,390,1.6861445432874,1.88991511134368
"Five Island Lake",2001-09-27,"2001","2001","9","CAP",725.62358276644,390,1.86057328914472,2.08542357113786
"Five Island Lake",2001-10-01,"2002","2001","10","BMB",2766.43990929705,390,7.09343566486424,7.95067736496308
"Five Island Lake",2001-10-02,"2002","2001","10","BMB",680.272108843537,390,1.74428745857317,1.95508459794174
"Five Island Lake",2001-10-04,"2002","2001","10","BMB",181.40589569161,390,0.465143322286179,0.521355892784464
"Five Island Lake",2001-10-11,"2002","2001","10","BMB",1405.89569160998,390,3.60486074771789,4.0405081690796
"Five Island Lake",2001-10-16,"2002","2001","10","BMB",136.054421768707,390,0.348857491714635,0.391016919588348
"Five Island Lake",2001-10-01,"2002","2001","10","CAP",498.866213151927,390,1.27914413628699,1.43372870515728
"Five Island Lake",2001-10-02,"2002","2001","10","CAP",90.702947845805,390,0.23257166114309,0.260677946392232
"Five Island Lake",2001-10-04,"2002","2001","10","CAP",45.3514739229025,390,0.116285830571545,0.130338973196116
"Five Island Lake",2001-10-11,"2002","2001","10","CAP",362.81179138322,390,0.930286644572359,1.04271178556893
"Five Island Lake",2001-10-16,"2002","2001","10","CAP",90.702947845805,390,0.23257166114309,0.260677946392232
"Five Island Lake",2002-05-10,"2002","2002","5","BMB",426.303854875283,390,1.09308680737252,1.22518634804349
"Five Island Lake",2002-05-20,"2002","2002","5","BMB",408.163265306122,390,1.0465724751439,1.17305075876504
"Five Island Lake",2002-05-10,"2002","2002","5","CAP",90.702947845805,390,0.23257166114309,0.260677946392232
"Five Island Lake",2002-05-20,"2002","2002","5","CAP",181.40589569161,390,0.465143322286179,0.521355892784464
"Five Island Lake",2002-10-01,"2003","2002","10","BMB",1201.81405895692,390,3.08157451014594,3.45398278969708
"Five Island Lake",2002-10-07,"2003","2002","10","BMB",430.839002267574,390,1.10471539042968,1.2382202453631
"Five Island Lake",2002-10-08,"2003","2002","10","BMB",249.433106575964,390,0.639572068143497,0.716864352578638
"Five Island Lake",2002-10-01,"2003","2002","10","CAP",589.569160997732,390,1.51171579743008,1.69440665154951
"Five Island Lake",2002-10-07,"2003","2002","10","CAP",5487.5283446712,390,14.0705854991569,15.77101575673
"Five Island Lake",2002-10-08,"2003","2002","10","CAP",1950.11337868481,390,5.00029071457643,5.60457584743299
"Five Island Lake",2003-04-29,"2003","2003","4","BMB",6078.00453514739,390,15.5846270131984,17.4680291877435
"Five Island Lake",2003-04-30,"2003","2003","4","BMB",2267.57369614512,390,5.81429152857724,6.5169486598058
"Five Island Lake",2003-04-29,"2003","2003","4","CAP",6938.77551020408,390,17.7917320774464,19.9418628990058
"Five Island Lake",2003-04-30,"2003","2003","4","CAP",2267.57369614512,390,5.81429152857724,6.5169486598058
"Five Island Lake",2003-09-10,"2003","2003","9","BMB",367.34693877551,390,0.941915227629513,1.05574568288854
"Five Island Lake",2003-09-15,"2003","2003","9","BMB",45.3514739229025,390,0.116285830571545,0.130338973196116
"Five Island Lake",2003-09-10,"2003","2003","9","CAP",68.0272108843537,390,0.174428745857317,0.195508459794174
"Five Island Lake",2003-09-15,"2003","2003","9","CAP",680.272108843537,390,1.74428745857317,1.95508459794174
"Five Island Lake",2004-04-07,"2004","2004","4","BMB",24653.0612244898,390,63.2129774986918,70.8522658294087
"Five Island Lake",2004-04-07,"2004","2004","4","CAP",2199.54648526077,390,5.63986278271993,6.32144020001163
"Five Island Lake",2004-05-18,"2004","2004","5","BMB",634.920634920635,390,1.62800162800163,1.82474562474562
"Five Island Lake",2004-05-19,"2004","2004","5","BMB",45.3514739229025,390,0.116285830571545,0.130338973196116
"Five Island Lake",2004-05-18,"2004","2004","5","CAP",1945.57823129252,390,4.98866213151927,5.59154195011338
"Five Island Lake",2004-05-19,"2004","2004","5","CAP",4852.60770975057,390,12.4425838711553,13.9462701319844
"Five Island Lake",2004-09-22,"2004","2004","9","BMB",1005.44217687075,390,2.57805686377115,2.88961503575789
"Five Island Lake",2004-09-22,"2004","2004","9","CAP",1368.25396825397,390,3.50834350834351,3.93232682132682
"Five Island Lake",2005-04-14,"2005","2005","4","BMB",657.596371882086,390,1.6861445432874,1.88991511134368
"Five Island Lake",2005-04-18,"2005","2005","4","BMB",725.62358276644,390,1.86057328914472,2.08542357113786
"Five Island Lake",2005-04-19,"2005","2005","4","BMB",476.190476190476,390,1.22100122100122,1.36855921855922
"Five Island Lake",2005-04-14,"2005","2005","4","CAP",136.054421768707,390,0.348857491714635,0.391016919588348
"Five Island Lake",2005-04-18,"2005","2005","4","CAP",3628.1179138322,390,9.30286644572359,10.4271178556893
"Five Island Lake",2005-04-19,"2005","2005","4","CAP",2267.57369614512,390,5.81429152857724,6.5169486598058
"Five Island Lake",2005-05-16,"2005","2005","5","BMB",158.730158730159,390,0.407000407000407,0.456186406186406
"Five Island Lake",2005-05-17,"2005","2005","5","BMB",124.716553287982,390,0.319786034071748,0.358432176289319
"Five Island Lake",2005-05-18,"2005","2005","5","BMB",283.446712018141,390,0.726786441072155,0.814618582475725
"Five Island Lake",2005-05-19,"2005","2005","5","BMB",442.176870748299,390,1.13378684807256,1.27080498866213
"Five Island Lake",2005-05-20,"2005","2005","5","BMB",317.460317460317,390,0.814000814000814,0.912372812372812
"Five Island Lake",2005-05-16,"2005","2005","5","CAP",997.732426303855,390,2.55828827257399,2.86745741031455
"Five Island Lake",2005-05-17,"2005","2005","5","CAP",1405.89569160998,390,3.60486074771789,4.0405081690796
"Five Island Lake",2005-05-18,"2005","2005","5","CAP",1768.7074829932,390,4.53514739229025,5.08321995464853
"Five Island Lake",2005-05-19,"2005","2005","5","CAP",2267.57369614512,390,5.81429152857724,6.5169486598058
"Five Island Lake",2005-05-20,"2005","2005","5","CAP",1088.43537414966,390,2.79085993371708,3.12813535670678
"Five Island Lake",2005-10-24,"2006","2005","10","BMB",321.995464852608,390,0.825629397057968,0.925406709692424
"Five Island Lake",2005-10-25,"2006","2005","10","BMB",244.897959183673,390,0.627943485086342,0.703830455259027
"Five Island Lake",2005-10-27,"2006","2005","10","BMB",290.249433106576,390,0.744229315657887,0.834169428455143
"Five Island Lake",2005-10-28,"2006","2005","10","BMB",358.27664399093,390,0.918658061515204,1.02967788824932
"Five Island Lake",2005-10-24,"2006","2005","10","CAP",167.800453514739,390,0.430257573114716,0.482254200825629
"Five Island Lake",2005-10-25,"2006","2005","10","CAP",308.390022675737,390,0.790743647886505,0.886305017733589
"Five Island Lake",2005-10-27,"2006","2005","10","CAP",113.378684807256,390,0.290714576428862,0.32584743299029
"Five Island Lake",2005-10-28,"2006","2005","10","CAP",793.650793650794,390,2.03500203500204,2.28093203093203
"Five Island Lake",2006-05-03,"2006","2006","5","BMB",362.81179138322,390,0.930286644572359,1.04271178556893
"Five Island Lake",2006-05-08,"2006","2006","5","BMB",453.514739229025,390,1.16285830571545,1.30338973196116
"Five Island Lake",2006-05-11,"2006","2006","5","BMB",680.272108843537,390,1.74428745857317,1.95508459794174
"Five Island Lake",2006-05-03,"2006","2006","5","CAP",68.0272108843537,390,0.174428745857317,0.195508459794174
"Five Island Lake",2006-05-08,"2006","2006","5","CAP",5442.1768707483,390,13.9542996685854,15.6406767835339
"Five Island Lake",2006-05-11,"2006","2006","5","CAP",3854.87528344671,390,9.88429559858131,11.0788127216699
"Five Island Lake",2007-04-17,"2007","2007","4","BMB",5879.81859410431,390,15.0764579336008,16.8984478748764
"Five Island Lake",2007-04-18,"2007","2007","4","BMB",90.702947845805,390,0.23257166114309,0.260677946392232
"Five Island Lake",2007-04-19,"2007","2007","4","BMB",408.163265306122,390,1.0465724751439,1.17305075876504
"Five Island Lake",2007-04-20,"2007","2007","4","BMB",605.442176870748,390,1.55241583813012,1.74002529216815
"Five Island Lake",2007-04-17,"2007","2007","4","CAP",2585.03401360544,390,6.62829234257806,7.42932147217861
"Five Island Lake",2007-04-18,"2007","2007","4","CAP",845.804988662131,390,2.16873074015931,2.43082185010756
"Five Island Lake",2007-04-19,"2007","2007","4","CAP",2902.49433106576,390,7.44229315657887,8.34169428455143
"Five Island Lake",2007-04-20,"2007","2007","4","CAP",52.1541950113379,390,0.133728705157277,0.149889819175533
"Five Island Lake",2007-09-28,NA,"2007","9","BMB",0,390,0,0
"Five Island Lake",2007-09-28,"2007","2007","9","CAP",199.546485260771,390,0.511657654514797,0.573491482062911
"Five Island Lake",2008-04-21,"2008","2008","4","BMB",1269.84126984127,390,3.25600325600326,3.64949124949125
"Five Island Lake",2008-04-22,"2008","2008","4","BMB",19818.5941043084,390,50.8169079597651,56.9581312867027
"Five Island Lake",2008-04-29,"2008","2008","4","BMB",498.866213151927,390,1.27914413628699,1.43372870515728
"Five Island Lake",2008-04-21,"2008","2008","4","CAP",346.938775510204,390,0.889586603872318,0.997093144950288
"Five Island Lake",2008-04-22,"2008","2008","4","CAP",975.056689342404,390,2.50014535728821,2.8022879237165
"Five Island Lake",2008-04-29,"2008","2008","4","CAP",884.353741496599,390,2.26757369614512,2.54160997732426
"Five Island Lake",2008-10-29,"2009","2008","10","BMB",2811.79138321995,390,7.20972149543578,8.08101633815919
"Five Island Lake",2008-10-30,"2009","2008","10","BMB",3219.95464852608,390,8.25629397057969,9.25406709692424
"Five Island Lake",2008-10-29,"2009","2008","10","CAP",521.541950113379,390,1.33728705157277,1.49889819175533
"Five Island Lake",2008-10-30,"2009","2008","10","CAP",47.6190476190476,390,0.122100122100122,0.136855921855922
"Five Island Lake",2009-04-24,"2009","2009","4","BMB",9120.18140589569,390,23.3850805279377,26.2111675097389
"Five Island Lake",2009-04-24,"2009","2009","4","CAP",224.489795918367,390,0.575614861329147,0.645177917320774
"Five Island Lake",2009-09-08,"2009","2009","9","BMB",8254.87528344671,390,21.1663468806326,23.724299901157
"Five Island Lake",2009-09-18,"2009","2009","9","BMB",12163.2653061224,390,31.1878597592883,34.9569126111983
"Five Island Lake",2009-09-19,"2009","2009","9","BMB",1868.48072562358,390,4.79097621954765,5.36996569567998
"Five Island Lake",2009-09-08,"2009","2009","9","CAP",148.299319727891,390,0.380254665968952,0.426208442351299
"Five Island Lake",2009-09-18,"2009","2009","9","CAP",476.190476190476,390,1.22100122100122,1.36855921855922
"Five Island Lake",2009-09-19,"2009","2009","9","CAP",907.02947845805,390,2.3257166114309,2.60677946392232
"Five Island Lake",2009-10-05,"2010","2009","10","BMB",385.487528344671,390,0.988429559858131,1.10788127216699
"Five Island Lake",2009-10-06,"2010","2009","10","BMB",5551.02040816327,390,14.2333856619571,15.9534903192046
"Five Island Lake",2009-10-05,"2010","2009","10","CAP",238.095238095238,390,0.61050061050061,0.684279609279609
"Five Island Lake",2009-10-06,"2010","2009","10","CAP",38.5487528344671,390,0.0988429559858131,0.110788127216699
"Five Island Lake",2012-04-24,"2012","2012","4","BMB",9523.80952380952,390,24.4200244200244,27.3711843711844
"Five Island Lake",2012-04-25,"2012","2012","4","BMB",2902.49433106576,390,7.44229315657887,8.34169428455143
"Five Island Lake",2012-04-24,"2012","2012","4","CAP",10884.3537414966,390,27.9085993371708,31.2813535670678
"Five Island Lake",2012-04-25,"2012","2012","4","CAP",25850.3401360544,390,66.2829234257806,74.2932147217861
"Five Island Lake",2013-05-06,"2013","2013","5","BMB",5714.28571428571,390,14.6520146520147,16.4227106227106
"Five Island Lake",2013-05-07,"2013","2013","5","BMB",4807.25623582766,390,12.3262980405838,13.8159311587883
"Five Island Lake",2013-05-13,"2013","2013","5","BMB",1269.84126984127,390,3.25600325600326,3.64949124949125
"Five Island Lake",2013-05-06,"2013","2013","5","CAP",7755.10204081633,390,19.8848770277342,22.2879644165358
"Five Island Lake",2013-05-07,"2013","2013","5","CAP",8117.91383219955,390,20.8151636723065,23.3306762021048
"Five Island Lake",2013-05-13,"2013","2013","5","CAP",11156.462585034,390,28.6063143206,32.0633874062445
"Five Island Lake",2014-05-06,"2014","2014","5","BMB",136.054421768707,390,0.348857491714635,0.391016919588348
"Five Island Lake",2014-05-06,"2014","2014","5","CAP",1088.43537414966,390,2.79085993371708,3.12813535670678
"Five Island Lake",2015-04-22,"2015","2015","4","BMB",2766.43990929705,390,7.09343566486424,7.95067736496308
"Five Island Lake",2015-04-23,"2015","2015","4","BMB",498.866213151927,390,1.27914413628699,1.43372870515728
"Five Island Lake",2015-04-22,"2015","2015","4","CAP",362.81179138322,390,0.930286644572359,1.04271178556893
"Five Island Lake",2015-04-23,"2015","2015","4","CAP",181.40589569161,390,0.465143322286179,0.521355892784464
"Five Island Lake",2015-05-13,"2015","2015","5","BMB",997.732426303855,390,2.55828827257399,2.86745741031455
"Five Island Lake",2015-05-14,"2015","2015","5","BMB",1859.410430839,390,4.76771905343334,5.34389790104076
"Five Island Lake",2015-05-18,"2015","2015","5","BMB",3265.30612244898,390,8.37257980115123,9.38440607012035
"Five Island Lake",2015-05-20,"2015","2015","5","BMB",45.3514739229025,390,0.116285830571545,0.130338973196116
"Five Island Lake",2015-05-26,"2015","2015","5","BMB",498.866213151927,390,1.27914413628699,1.43372870515728
"Five Island Lake",2015-05-27,"2015","2015","5","BMB",725.62358276644,390,1.86057328914472,2.08542357113786
"Five Island Lake",2015-05-13,"2015","2015","5","CAP",2766.43990929705,390,7.09343566486424,7.95067736496308
"Five Island Lake",2015-05-14,"2015","2015","5","CAP",5124.71655328798,390,13.1402988545846,14.7283039711611
"Five Island Lake",2015-05-18,"2015","2015","5","CAP",1859.410430839,390,4.76771905343334,5.34389790104076
"Five Island Lake",2015-05-20,"2015","2015","5","CAP",2312.92517006803,390,5.93057735914879,6.64728763300192
"Five Island Lake",2015-05-26,"2015","2015","5","CAP",181.40589569161,390,0.465143322286179,0.521355892784464
"Five Island Lake",2015-05-27,"2015","2015","5","CAP",90.702947845805,390,0.23257166114309,0.260677946392232
"Five Island Lake",2015-10-25,"2016","2015","10","BMB",8707.48299319728,390,22.3268794697366,25.0250828536543
"Five Island Lake",2015-10-25,"2016","2015","10","CAP",453.514739229025,390,1.16285830571545,1.30338973196116
"Five Island Lake",2016-05-05,"2016","2016","5","BMB",12108.843537415,390,31.0483167626025,34.800505843363
"Five Island Lake",2016-05-06,"2016","2016","5","BMB",14149.6598639456,390,36.281179138322,40.6657596371882
"Five Island Lake",2016-05-12,"2016","2016","5","BMB",4943.31065759637,390,12.6751555322984,14.2069480783766
"Five Island Lake",2016-05-17,"2016","2016","5","BMB",5986.39455782313,390,15.3497296354439,17.2047444618873
"Five Island Lake",2016-05-22,"2016","2016","5","BMB",7619.04761904762,390,19.5360195360195,21.8969474969475
"Five Island Lake",2016-05-05,"2016","2016","5","CAP",3129.25170068027,390,8.02372230943659,8.99338915053201
"Five Island Lake",2016-05-06,"2016","2016","5","CAP",6167.80045351474,390,15.8148729577301,17.7261003546718
"Five Island Lake",2016-05-12,"2016","2016","5","CAP",5623.58276643991,390,14.4194429908716,16.1620326763184
"Five Island Lake",2016-05-17,"2016","2016","5","CAP",1224.48979591837,390,3.13971742543171,3.51915227629513
"Five Island Lake",2016-05-22,"2016","2016","5","CAP",861.678004535147,390,2.20943078085935,2.4764404907262
"Five Island Lake",2017-05-02,"2017","2017","5","BMB",3356.00907029478,390,8.60515146229432,9.64508401651259
"Five Island Lake",2017-05-09,"2017","2017","5","BMB",9659.86394557823,390,24.7688819117391,27.7622012907727
"Five Island Lake",2017-05-11,"2017","2017","5","BMB",4625.85034013605,390,11.8611547182976,13.2945752660038
"Five Island Lake",2017-05-12,"2017","2017","5","BMB",2403.62811791383,390,6.16314902029188,6.90796557939415
"Five Island Lake",2017-05-02,"2017","2017","5","CAP",997.732426303855,390,2.55828827257399,2.86745741031455
"Five Island Lake",2017-05-09,"2017","2017","5","CAP",4580.49886621315,390,11.744868887726,13.1642362928077
"Five Island Lake",2017-05-11,"2017","2017","5","CAP",6666.66666666667,390,17.0940170940171,19.1598290598291
"Five Island Lake",2017-05-12,"2017","2017","5","CAP",5351.47392290249,390,13.7217280074423,15.3799988371417
"Five Island Lake",2018-05-15,"2018","2018","5","BMB",5149.65986394558,390,13.2042560613989,14.799990406419
"Five Island Lake",2018-05-21,"2018","2018","5","BMB",1496.59863945578,390,3.83743240886098,4.30118611547183
"Five Island Lake",2018-05-29,"2018","2018","5","BMB",83.9002267573696,390,0.215128786557358,0.241127100412815
"Five Island Lake",2018-05-15,"2018","2018","5","CAP",4434.92063492064,390,11.3715913715914,12.7458481888482
"Five Island Lake",2018-05-21,"2018","2018","5","CAP",498.866213151927,390,1.27914413628699,1.43372870515728
"Five Island Lake",2018-05-29,"2018","2018","5","CAP",877.097505668934,390,2.24896796325368,2.52075574161288
"Five Island Lake",2018-10-08,"2019","2018","10","BMB",45.3514739229025,390,0.116285830571545,0.130338973196116
"Five Island Lake",2018-10-09,"2019","2018","10","BMB",907.02947845805,390,2.3257166114309,2.60677946392232
"Five Island Lake",2018-10-08,"2019","2018","10","CAP",45.3514739229025,390,0.116285830571545,0.130338973196116
"Five Island Lake",2018-10-09,"2019","2018","10","CAP",1360.54421768707,390,3.48857491714635,3.91016919588348
"Five Island Lake",2019-02-04,"2019","2019","2","BMB",59682.5396825397,390,153.032153032153,171.526088726089
"Five Island Lake",2019-02-04,"2019","2019","2","CAP",2811.79138321995,390,7.20972149543578,8.08101633815919
"Five Island Lake",2019-04-08,"2019","2019","4","BMB",11927.4376417234,390,30.5831734403163,34.2791499505785
"Five Island Lake",2019-04-09,"2019","2019","4","BMB",90.702947845805,390,0.23257166114309,0.260677946392232
"Five Island Lake",2019-04-08,"2019","2019","4","CAP",1088.43537414966,390,2.79085993371708,3.12813535670678
"Five Island Lake",2019-04-09,"2019","2019","4","CAP",2176.87074829932,390,5.58171986743415,6.25627071341357
"Ingham Lake",1999-10-19,"2000","1999","10","BMB",2834.46712018141,150,18.896447467876,21.1800831443689
"Ingham Lake",1999-10-20,"2000","1999","10","BMB",4557.8231292517,150,30.3854875283447,34.0575736961451
"Ingham Lake",1999-10-19,"2000","1999","10","CAP",2902.49433106576,150,19.3499622071051,21.6884051398337
"Ingham Lake",1999-10-20,"2000","1999","10","CAP",11995.4648526077,150,79.9697656840514,89.634111866969
"Ingham Lake",1999-11-03,"2000","1999","11","BMB",8888.88888888889,150,59.2592592592593,66.4207407407407
"Ingham Lake",1999-11-03,"2000","1999","11","CAP",12834.4671201814,150,85.5631141345427,95.9034164777022
"Ingham Lake",1999-12-01,"2000","1999","12","BMB",1956.91609977324,150,13.0461073318216,14.6227294028723
"Ingham Lake",1999-12-01,"2000","1999","12","CAP",15056.6893424036,150,100.377928949358,112.508601662887
"Ingham Lake",2000-10-16,"2001","2000","10","BMB",1310.65759637188,150,8.73771730914588,9.79367044595616
"Ingham Lake",2000-10-16,"2001","2000","10","CAP",1088.43537414966,150,7.2562358276644,8.13315192743764
"Ingham Lake",2001-10-02,"2002","2001","10","BMB",884.353741496599,150,5.89569160997732,6.60818594104308
"Ingham Lake",2001-10-02,"2002","2001","10","CAP",181.40589569161,150,1.20937263794407,1.35552532123961
"Ingham Lake",2002-10-01,"2003","2002","10","BMB",340.136054421769,150,2.26757369614512,2.54160997732426
"Ingham Lake",2002-10-02,"2003","2002","10","BMB",5510.20408163265,150,36.734693877551,41.1740816326531
"Ingham Lake",2002-10-03,"2003","2002","10","BMB",1814.0589569161,150,12.0937263794407,13.5552532123961
"Ingham Lake",2002-10-01,"2003","2002","10","CAP",11.3378684807256,150,0.0755857898715042,0.0847203325774754
"Ingham Lake",2002-10-02,"2003","2002","10","CAP",226.757369614512,150,1.51171579743008,1.69440665154951
"Ingham Lake",2002-10-03,"2003","2002","10","CAP",68.0272108843537,150,0.453514739229025,0.508321995464853
"Ingham Lake",2002-11-05,"2003","2002","11","BMB",2857.14285714286,150,19.047619047619,21.3495238095238
"Ingham Lake",2002-11-06,"2003","2002","11","BMB",5714.28571428571,150,38.0952380952381,42.6990476190476
"Ingham Lake",2002-11-05,"2003","2002","11","CAP",20.4081632653061,150,0.136054421768707,0.152496598639456
"Ingham Lake",2002-11-06,"2003","2002","11","CAP",34.0136054421769,150,0.226757369614512,0.254160997732426
"Ingham Lake",2003-09-11,"2003","2003","9","BMB",10893.4240362812,150,72.6228269085412,81.3992955404384
"Ingham Lake",2003-09-23,"2003","2003","9","BMB",317.460317460317,150,2.11640211640212,2.37216931216931
"Ingham Lake",2003-09-11,"2003","2003","9","CAP",1174.60317460317,150,7.83068783068783,8.77702645502645
"Ingham Lake",2003-09-23,"2003","2003","9","CAP",22.6757369614512,150,0.151171579743008,0.169440665154951
"Ingham Lake",2003-10-09,"2004","2003","10","BMB",56.6893424036281,150,0.377928949357521,0.423601662887377
"Ingham Lake",2003-10-09,"2004","2003","10","CAP",408.163265306122,150,2.72108843537415,3.04993197278912
"Ingham Lake",2003-11-01,"2004","2003","11","BMB",1043.08390022676,150,6.95389266817838,7.79427059712774
"Ingham Lake",2003-11-02,"2004","2003","11","BMB",181.40589569161,150,1.20937263794407,1.35552532123961
"Ingham Lake",2003-11-01,"2004","2003","11","CAP",9.0702947845805,150,0.0604686318972033,0.0677762660619803
"Ingham Lake",2003-11-02,"2004","2003","11","CAP",11.3378684807256,150,0.0755857898715042,0.0847203325774754
"Ingham Lake",2004-04-27,"2004","2004","4","BMB",2947.84580498866,150,19.6523053665911,22.0272864701436
"Ingham Lake",2004-04-28,"2004","2004","4","BMB",2199.54648526077,150,14.6636432350718,16.4357445200302
"Ingham Lake",2004-04-27,"2004","2004","4","CAP",317.460317460317,150,2.11640211640212,2.37216931216931
"Ingham Lake",2004-04-28,"2004","2004","4","CAP",226.757369614512,150,1.51171579743008,1.69440665154951
"Ingham Lake",2004-05-06,"2004","2004","5","BMB",680.272108843537,150,4.53514739229025,5.08321995464853
"Ingham Lake",2004-05-06,"2004","2004","5","CAP",136.054421768707,150,0.90702947845805,1.01664399092971
"Ingham Lake",2005-06-01,"2005","2005","6","BMB",5759.63718820862,150,38.3975812547241,43.0379289493575
"Ingham Lake",2005-06-06,"2005","2005","6","BMB",2448.97959183673,150,16.3265306122449,18.2995918367347
"Ingham Lake",2005-06-01,"2005","2005","6","CAP",3718.820861678,150,24.7921390778534,27.7882690854119
"Ingham Lake",2005-06-06,"2005","2005","6","CAP",3446.71201814059,150,22.9780801209373,25.7549811035525
"Ingham Lake",2006-05-10,"2006","2006","5","BMB",2131.51927437642,150,14.2101284958428,15.9274225245654
"Ingham Lake",2006-05-10,"2006","2006","5","CAP",3854.87528344671,150,25.6991685563114,28.8049130763416
"Ingham Lake",2007-04-02,"2007","2007","4","BMB",14331.0657596372,150,95.5404383975813,107.086500377929
"Ingham Lake",2007-04-02,"2007","2007","4","CAP",6122.44897959184,150,40.8163265306122,45.7489795918367
"Ingham Lake",2008-09-05,"2008","2008","9","BMB",714.285714285714,150,4.76190476190476,5.33738095238095
"Ingham Lake",2008-09-05,"2008","2008","9","CAP",192.743764172336,150,1.28495842781557,1.44024565381708
"Ingham Lake",2008-10-02,"2009","2008","10","BMB",2040.81632653061,150,13.6054421768707,15.2496598639456
"Ingham Lake",2008-10-25,"2009","2008","10","BMB",385.487528344671,150,2.56991685563114,2.88049130763416
"Ingham Lake",2008-10-02,"2009","2008","10","CAP",1609.97732426304,150,10.7331821617536,12.0302872260015
"Ingham Lake",2008-10-25,"2009","2008","10","CAP",3106.57596371882,150,20.7105064247921,23.2133711262283
"Ingham Lake",2009-10-26,"2010","2009","10","BMB",3905.21541950113,150,26.0347694633409,29.1810713529856
"Ingham Lake",2009-10-27,"2010","2009","10","BMB",6276.19047619048,150,41.8412698412698,46.8977873015873
"Ingham Lake",2009-10-26,"2010","2009","10","CAP",5145.12471655329,150,34.3008314436886,38.4460869236583
"Ingham Lake",2009-10-27,"2010","2009","10","CAP",3979.59183673469,150,26.530612244898,29.7368367346939
"Ingham Lake",2010-09-21,"2010","2010","9","BMB",2335.60090702948,150,15.5706727135299,17.4523885109599
"Ingham Lake",2010-09-21,"2010","2010","9","CAP",356.009070294785,150,2.37339380196523,2.66021844293273
"Ingham Lake",2010-10-09,"2011","2010","10","BMB",1609.97732426304,150,10.7331821617536,12.0302872260015
"Ingham Lake",2010-10-09,"2011","2010","10","CAP",136.054421768707,150,0.90702947845805,1.01664399092971
"Ingham Lake",2011-09-20,"2011","2011","9","BMB",1106.57596371882,150,7.3771730914588,8.2687044595616
"Ingham Lake",2011-09-20,"2011","2011","9","CAP",385.487528344671,150,2.56991685563114,2.88049130763416
"Ingham Lake",2011-10-08,"2012","2011","10","BMB",1287.98185941043,150,8.58654572940287,9.62422978080121
"Ingham Lake",2011-10-08,"2012","2011","10","BMB",5637.18820861678,150,37.5812547241119,42.1229493575208
"Ingham Lake",2011-10-08,"2012","2011","10","CAP",108.843537414966,150,0.72562358276644,0.813315192743764
"Ingham Lake",2011-10-08,"2012","2011","10","CAP",185.9410430839,150,1.23960695389267,1.3894134542706
"Ingham Lake",2012-11-10,"2013","2012","11","BMB",5170.06802721088,150,34.4671201814059,38.6324716553288
"Ingham Lake",2012-11-11,"2013","2012","11","BMB",6530.61224489796,150,43.5374149659864,48.7989115646258
"Ingham Lake",2012-11-13,"2013","2012","11","BMB",2222.22222222222,150,14.8148148148148,16.6051851851852
"Ingham Lake",2012-11-10,"2013","2012","11","CAP",1972.78911564626,150,13.1519274376417,14.7413378684807
"Ingham Lake",2012-11-11,"2013","2012","11","CAP",1700.68027210884,150,11.3378684807256,12.7080498866213
"Ingham Lake",2012-11-13,"2013","2012","11","CAP",4664.39909297052,150,31.0959939531368,34.8539448223734
"Ingham Lake",2013-09-15,"2013","2013","9","BMB",1746.03174603175,150,11.6402116402116,13.0469312169312
"Ingham Lake",2013-09-15,"2013","2013","9","CAP",1587.30158730159,150,10.5820105820106,11.8608465608466
"Ingham Lake",2014-09-27,"2014","2014","9","BMB",16811.79138322,150,112.078609221466,125.623309145881
"Ingham Lake",2014-09-27,"2014","2014","9","CAP",893.424036281179,150,5.95616024187453,6.67596220710506
"Ingham Lake",2014-10-05,"2015","2014","10","BMB",6848.07256235828,150,45.6538170823885,51.1710808767952
"Ingham Lake",2014-10-05,"2015","2014","10","CAP",1094.78458049887,150,7.29856386999244,8.18059531368103
"Ingham Lake",2015-10-02,"2016","2015","10","BMB",6439.90929705215,150,42.9327286470144,48.121148904006
"Ingham Lake",2015-10-03,"2016","2015","10","BMB",5691.60997732426,150,37.9440665154951,42.5296069538927
"Ingham Lake",2015-10-02,"2016","2015","10","CAP",671.201814058957,150,4.47467876039305,5.01544368858655
"Ingham Lake",2015-10-03,"2016","2015","10","CAP",1111.11111111111,150,7.40740740740741,8.30259259259259
"Ingham Lake",2016-10-16,"2017","2016","10","BMB",5605.44217687075,150,37.3696145124717,41.8857324263039
"Ingham Lake",2016-10-17,"2017","2016","10","BMB",3061.22448979592,150,20.4081632653061,22.8744897959184
"Ingham Lake",2016-10-31,"2017","2016","10","BMB",986.394557823129,150,6.57596371882086,7.37066893424036
"Ingham Lake",2016-10-16,"2017","2016","10","CAP",310.657596371882,150,2.07105064247921,2.32133711262283
"Ingham Lake",2016-10-17,"2017","2016","10","CAP",362.81179138322,150,2.41874527588813,2.71105064247921
"Ingham Lake",2016-10-31,"2017","2016","10","CAP",476.190476190476,150,3.17460317460317,3.55825396825397
"Ingham Lake",2016-11-01,"2017","2016","11","BMB",8226.75736961451,150,54.8450491307634,61.4730733182162
"Ingham Lake",2016-11-01,"2017","2016","11","CAP",76.6439909297052,150,0.510959939531368,0.572709448223734
"Ingham Lake",2017-04-25,"2017","2017","4","BMB",272.108843537415,150,1.8140589569161,2.03328798185941
"Ingham Lake",2017-04-25,"2017","2017","4","CAP",385.487528344671,150,2.56991685563114,2.88049130763416
"Ingham Lake",2017-05-08,"2017","2017","5","BMB",997.732426303855,150,6.65154950869237,7.45538926681784
"Ingham Lake",2017-05-08,"2017","2017","5","CAP",1133.78684807256,150,7.55857898715042,8.47203325774754
"Ingham Lake",2018-05-22,"2018","2018","5","BMB",1950.11337868481,150,13.0007558578987,14.5718972033258
"Ingham Lake",2018-05-30,"2018","2018","5","BMB",1723.35600907029,150,11.4890400604686,12.8774905517763
"Ingham Lake",2018-05-22,"2018","2018","5","CAP",5079.36507936508,150,33.8624338624339,37.954708994709
"Ingham Lake",2018-05-30,"2018","2018","5","CAP",8253.96825396825,150,55.026455026455,61.6764021164021
"Ingham Lake",2018-06-03,"2018","2018","6","BMB",3265.30612244898,150,21.7687074829932,24.3994557823129
"Ingham Lake",2018-06-03,"2018","2018","6","CAP",5736.96145124717,150,38.2464096749811,42.8684882842026
"Ingham Lake",2018-09-25,"2018","2018","9","BMB",3219.95464852608,150,21.4663643235072,24.060574452003
"Ingham Lake",2018-09-27,"2018","2018","9","BMB",22.6757369614512,150,0.151171579743008,0.169440665154951
"Ingham Lake",2018-09-25,"2018","2018","9","CAP",3854.87528344671,150,25.6991685563114,28.8049130763416
"Ingham Lake",2018-09-27,"2018","2018","9","CAP",45.3514739229025,150,0.302343159486017,0.338881330309902
"Ingham Lake",2018-10-01,NA,"2018","10","BMB",0,150,0,0
"Ingham Lake",2018-10-02,"2019","2018","10","BMB",1224.48979591837,150,8.16326530612245,9.14979591836734
"Ingham Lake",2018-10-03,"2019","2018","10","BMB",725.62358276644,150,4.83749055177627,5.42210128495843
"Ingham Lake",2018-10-04,"2019","2018","10","BMB",1315.19274376417,150,8.76795162509448,9.82755857898715
"Ingham Lake",2018-10-01,NA,"2018","10","CAP",0,150,0,0
"Ingham Lake",2018-10-02,"2019","2018","10","CAP",1451.24716553288,150,9.67498110355253,10.8442025699169
"Ingham Lake",2018-10-03,"2019","2018","10","CAP",1723.35600907029,150,11.4890400604686,12.8774905517763
"Ingham Lake",2018-10-04,"2019","2018","10","CAP",1541.95011337868,150,10.2796674225246,11.5219652305367
"Ingham Lake",2019-01-07,"2019","2019","1","BMB",3129.25170068027,150,20.8616780045351,23.3828117913832
"Ingham Lake",2019-01-10,"2019","2019","1","BMB",19727.8911564626,150,131.519274376417,147.413378684807
"Ingham Lake",2019-01-16,"2019","2019","1","BMB",45.3514739229025,150,0.302343159486017,0.338881330309902
"Ingham Lake",2019-01-17,"2019","2019","1","BMB",1315.19274376417,150,8.76795162509448,9.82755857898715
"Ingham Lake",2019-01-26,"2019","2019","1","BMB",45.3514739229025,150,0.302343159486017,0.338881330309902
"Ingham Lake",2019-01-07,"2019","2019","1","CAP",1451.24716553288,150,9.67498110355253,10.8442025699169
"Ingham Lake",2019-01-10,"2019","2019","1","CAP",18594.10430839,150,123.960695389267,138.94134542706
"Ingham Lake",2019-01-16,"2019","2019","1","CAP",90.702947845805,150,0.604686318972033,0.677762660619804
"Ingham Lake",2019-01-17,"2019","2019","1","CAP",816.326530612245,150,5.4421768707483,6.09986394557823
"Ingham Lake",2019-01-26,"2019","2019","1","CAP",45.3514739229025,150,0.302343159486017,0.338881330309902
"Ingham Lake",2019-09-30,"2019","2019","9","BMB",2630.38548752834,150,17.535903250189,19.6551171579743
"Ingham Lake",2019-09-30,"2019","2019","9","CAP",317.460317460317,150,2.11640211640212,2.37216931216931
"Ingham Lake",2019-10-02,"2020","2019","10","BMB",544.21768707483,150,3.6281179138322,4.06657596371882
"Ingham Lake",2019-10-07,"2020","2019","10","BMB",6031.74603174603,150,40.2116402116402,45.0712169312169
"Ingham Lake",2019-10-08,"2020","2019","10","BMB",3219.95464852608,150,21.4663643235072,24.060574452003
"Ingham Lake",2019-10-09,"2020","2019","10","BMB",1859.410430839,150,12.3960695389267,13.894134542706
"Ingham Lake",2019-10-25,"2020","2019","10","BMB",136.054421768707,150,0.90702947845805,1.01664399092971
"Ingham Lake",2019-10-02,"2020","2019","10","CAP",136.054421768707,150,0.90702947845805,1.01664399092971
"Ingham Lake",2019-10-07,"2020","2019","10","CAP",181.40589569161,150,1.20937263794407,1.35552532123961
"Ingham Lake",2019-10-08,"2020","2019","10","CAP",90.702947845805,150,0.604686318972033,0.677762660619804
"Ingham Lake",2019-10-09,"2020","2019","10","CAP",1678.00453514739,150,11.1866969009826,12.5386092214664
"Ingham Lake",2019-10-25,"2020","2019","10","CAP",45.3514739229025,150,0.302343159486017,0.338881330309902
"Lost Island Lake",1999-10-15,NA,"1999","10","BMB",0,470,0,0
"Lost Island Lake",1999-10-15,"2000","1999","10","CAP",1859.410430839,470,3.95619240604043,4.43429825831042
"Lost Island Lake",2000-06-01,"2000","2000","6","BMB",226.757369614512,470,0.482462488541516,0.540768080281758
"Lost Island Lake",2000-06-02,"2000","2000","6","BMB",45.3514739229025,470,0.0964924977083032,0.108153616056352
"Lost Island Lake",2000-06-05,"2000","2000","6","BMB",680.272108843537,470,1.44738746562455,1.62230424084527
"Lost Island Lake",2000-06-06,"2000","2000","6","BMB",544.21768707483,470,1.15790997249964,1.29784339267622
"Lost Island Lake",2000-06-07,"2000","2000","6","BMB",181.40589569161,470,0.385969990833213,0.432614464225406
"Lost Island Lake",2000-06-08,"2000","2000","6","BMB",1224.48979591837,470,2.60529743812419,2.92014763352149
"Lost Island Lake",2000-06-12,"2000","2000","6","BMB",544.21768707483,470,1.15790997249964,1.29784339267622
"Lost Island Lake",2000-06-01,"2000","2000","6","CAP",2947.84580498866,470,6.27201235103971,7.02998504366285
"Lost Island Lake",2000-06-02,"2000","2000","6","CAP",498.866213151927,470,1.06141747479133,1.18968977661987
"Lost Island Lake",2000-06-05,"2000","2000","6","CAP",2131.51927437642,470,4.53514739229025,5.08321995464853
"Lost Island Lake",2000-06-06,"2000","2000","6","CAP",5396.8253968254,470,11.4826072272881,12.8702803107058
"Lost Island Lake",2000-06-07,"2000","2000","6","CAP",3265.30612244898,470,6.94745983499783,7.78706035605732
"Lost Island Lake",2000-06-08,"2000","2000","6","CAP",6258.50340136054,470,13.3159646837458,14.9251990157765
"Lost Island Lake",2000-06-12,"2000","2000","6","CAP",2312.92517006803,470,4.92111738312346,5.51583441887393
"Lost Island Lake",2000-10-10,"2001","2000","10","BMB",204.081632653061,470,0.434216239687364,0.486691272253582
"Lost Island Lake",2000-10-31,"2001","2000","10","BMB",90.702947845805,470,0.192984995416606,0.216307232112703
"Lost Island Lake",2000-10-10,"2001","2000","10","CAP",1405.89569160998,470,2.9912674289574,3.3527620977469
"Lost Island Lake",2000-10-31,"2001","2000","10","CAP",1043.08390022676,470,2.21932744729097,2.48753316929609
"Lost Island Lake",2001-05-15,"2001","2001","5","BMB",11791.3832199546,470,25.0880494041588,28.1199401746514
"Lost Island Lake",2001-05-16,"2001","2001","5","BMB",1360.54421768707,470,2.8947749312491,3.24460848169055
"Lost Island Lake",2001-05-18,"2001","2001","5","BMB",3492.06349206349,470,7.42992232353935,8.32782843633907
"Lost Island Lake",2001-05-24,"2001","2001","5","BMB",45.3514739229025,470,0.0964924977083032,0.108153616056352
"Lost Island Lake",2001-05-30,"2001","2001","5","BMB",680.272108843537,470,1.44738746562455,1.62230424084527
"Lost Island Lake",2001-05-31,"2001","2001","5","BMB",2312.92517006803,470,4.92111738312346,5.51583441887393
"Lost Island Lake",2001-05-15,"2001","2001","5","CAP",408.163265306122,470,0.868432479374729,0.973382544507164
"Lost Island Lake",2001-05-16,"2001","2001","5","CAP",317.460317460317,470,0.675447483958122,0.757075312394461
"Lost Island Lake",2001-05-18,"2001","2001","5","CAP",136.054421768707,470,0.28947749312491,0.324460848169055
"Lost Island Lake",2001-05-24,"2001","2001","5","CAP",158.730158730159,470,0.337723741979061,0.378537656197231
"Lost Island Lake",2001-05-30,"2001","2001","5","CAP",113.378684807256,470,0.241231244270758,0.270384040140879
"Lost Island Lake",2001-05-31,"2001","2001","5","CAP",181.40589569161,470,0.385969990833213,0.432614464225406
"Lost Island Lake",2001-06-04,"2001","2001","6","BMB",1678.00453514739,470,3.57022241520722,4.00168379408501
"Lost Island Lake",2001-06-05,"2001","2001","6","BMB",1814.0589569161,470,3.85969990833213,4.32614464225406
"Lost Island Lake",2001-06-06,"2001","2001","6","BMB",2063.49206349206,470,4.39040864572779,4.920989530564
"Lost Island Lake",2001-06-07,"2001","2001","6","BMB",1859.410430839,470,3.95619240604043,4.43429825831042
"Lost Island Lake",2001-06-04,"2001","2001","6","CAP",90.702947845805,470,0.192984995416606,0.216307232112703
"Lost Island Lake",2001-06-05,"2001","2001","6","CAP",181.40589569161,470,0.385969990833213,0.432614464225406
"Lost Island Lake",2001-06-06,"2001","2001","6","CAP",204.081632653061,470,0.434216239687364,0.486691272253582
"Lost Island Lake",2001-06-07,"2001","2001","6","CAP",204.081632653061,470,0.434216239687364,0.486691272253582
"Lost Island Lake",2001-10-10,"2002","2001","10","BMB",45.3514739229025,470,0.0964924977083032,0.108153616056352
"Lost Island Lake",2001-10-23,"2002","2001","10","BMB",1133.78684807256,470,2.41231244270758,2.70384040140879
"Lost Island Lake",2001-10-24,"2002","2001","10","BMB",113.378684807256,470,0.241231244270758,0.270384040140879
"Lost Island Lake",2001-10-10,"2002","2001","10","CAP",2040.81632653061,470,4.34216239687364,4.86691272253582
"Lost Island Lake",2001-10-23,"2002","2001","10","CAP",566.893424036281,470,1.20615622135379,1.3519202007044
"Lost Island Lake",2001-10-24,"2002","2001","10","CAP",1541.95011337868,470,3.28074492208231,3.67722294591595
"Lost Island Lake",2002-05-07,"2002","2002","5","BMB",544.21768707483,470,1.15790997249964,1.29784339267622
"Lost Island Lake",2002-05-15,"2002","2002","5","BMB",181.40589569161,470,0.385969990833213,0.432614464225406
"Lost Island Lake",2002-05-21,"2002","2002","5","BMB",204.081632653061,470,0.434216239687364,0.486691272253582
"Lost Island Lake",2002-05-23,"2002","2002","5","BMB",317.460317460317,470,0.675447483958122,0.757075312394461
"Lost Island Lake",2002-05-07,"2002","2002","5","CAP",1859.410430839,470,3.95619240604043,4.43429825831042
"Lost Island Lake",2002-05-15,"2002","2002","5","CAP",7120.18140589569,470,15.1493221402036,16.9801177208472
"Lost Island Lake",2002-05-21,"2002","2002","5","CAP",1224.48979591837,470,2.60529743812419,2.92014763352149
"Lost Island Lake",2002-05-23,"2002","2002","5","CAP",1995.46485260771,470,4.24566989916534,4.75875910647947
"Lost Island Lake",2002-10-09,"2003","2002","10","BMB",181.40589569161,470,0.385969990833213,0.432614464225406
"Lost Island Lake",2002-10-09,"2003","2002","10","CAP",5396.8253968254,470,11.4826072272881,12.8702803107058
"Lost Island Lake",2003-04-23,"2003","2003","4","BMB",5124.71655328798,470,10.9036522410383,12.2213586143677
"Lost Island Lake",2003-04-23,"2003","2003","4","CAP",5668.93424036281,470,12.0615622135379,13.519202007044
"Lost Island Lake",2003-05-07,"2003","2003","5","BMB",4331.06575963719,470,9.21503353114295,10.3286703333816
"Lost Island Lake",2003-05-07,"2003","2003","5","CAP",15011.3378684807,470,31.9390167414484,35.7988469146524
"Lost Island Lake",2004-05-12,"2004","2004","5","BMB",5215.41950113379,470,11.0966372364549,12.4376658464804
"Lost Island Lake",2004-05-12,"2004","2004","5","CAP",13038.5487528345,470,27.7415930911372,31.0941646162011
"Lost Island Lake",2005-02-25,"2005","2005","2","BMB",1904.7619047619,470,4.05268490374873,4.54245187436677
"Lost Island Lake",2005-02-25,"2005","2005","2","CAP",3083.90022675737,470,6.56148984416462,7.35444589183191
"Lost Island Lake",2005-06-02,"2005","2005","6","BMB",498.866213151927,470,1.06141747479133,1.18968977661987
"Lost Island Lake",2005-06-02,"2005","2005","6","CAP",1995.46485260771,470,4.24566989916534,4.75875910647947
"Lost Island Lake",2006-05-02,"2006","2006","5","BMB",5714.28571428571,470,12.1580547112462,13.6273556231003
"Lost Island Lake",2006-05-09,"2006","2006","5","BMB",362.81179138322,470,0.771939981666425,0.865228928450813
"Lost Island Lake",2006-05-10,"2006","2006","5","BMB",498.866213151927,470,1.06141747479133,1.18968977661987
"Lost Island Lake",2006-05-16,"2006","2006","5","BMB",2721.08843537415,470,5.78954986249819,6.4892169633811
"Lost Island Lake",2006-05-25,"2006","2006","5","BMB",136.054421768707,470,0.28947749312491,0.324460848169055
"Lost Island Lake",2006-05-02,"2006","2006","5","CAP",18594.10430839,470,39.5619240604043,44.3429825831042
"Lost Island Lake",2006-05-09,"2006","2006","5","CAP",2721.08843537415,470,5.78954986249819,6.4892169633811
"Lost Island Lake",2006-05-10,"2006","2006","5","CAP",680.272108843537,470,1.44738746562455,1.62230424084527
"Lost Island Lake",2006-05-16,"2006","2006","5","CAP",226.757369614512,470,0.482462488541516,0.540768080281758
"Lost Island Lake",2006-05-25,"2006","2006","5","CAP",3854.87528344671,470,8.20186230520577,9.19305736478989
"Lost Island Lake",2008-05-08,"2008","2008","5","BMB",17233.5600907029,470,36.6671491291552,41.0983741014136
"Lost Island Lake",2008-05-13,"2008","2008","5","BMB",7482.99319727891,470,15.92126212187,17.845346649298
"Lost Island Lake",2008-05-15,"2008","2008","5","BMB",5124.71655328798,470,10.9036522410383,12.2213586143677
"Lost Island Lake",2008-05-19,"2008","2008","5","BMB",3854.87528344671,470,8.20186230520577,9.19305736478989
"Lost Island Lake",2008-05-08,"2008","2008","5","CAP",18594.10430839,470,39.5619240604043,44.3429825831042
"Lost Island Lake",2008-05-13,"2008","2008","5","CAP",9115.6462585034,470,19.3949920393689,21.7388768273267
"Lost Island Lake",2008-05-15,"2008","2008","5","CAP",12018.1405895692,470,25.5705118927003,28.6607082549332
"Lost Island Lake",2008-05-19,"2008","2008","5","CAP",17959.1836734694,470,38.2110290924881,42.8288319583152
"Lost Island Lake",2009-04-28,"2009","2009","4","BMB",725.62358276644,470,1.54387996333285,1.73045785690163
"Lost Island Lake",2009-04-28,"2009","2009","4","CAP",6213.15192743764,470,13.2194721860375,14.8170453997202
"Lost Island Lake",2009-05-05,"2009","2009","5","BMB",1587.30158730159,470,3.37723741979061,3.78537656197231
"Lost Island Lake",2009-05-06,"2009","2009","5","BMB",7573.69614512472,470,16.1142471172866,18.0616538814107
"Lost Island Lake",2009-05-11,"2009","2009","5","BMB",680.272108843537,470,1.44738746562455,1.62230424084527
"Lost Island Lake",2009-05-05,"2009","2009","5","CAP",12834.4671201814,470,27.3073768514498,30.6074733439475
"Lost Island Lake",2009-05-06,"2009","2009","5","CAP",22176.8707482993,470,47.1848313793603,52.8871182515559
"Lost Island Lake",2009-05-11,"2009","2009","5","CAP",6303.85487528345,470,13.4124571814541,15.0333526318329
"Lost Island Lake",2010-03-10,"2010","2010","3","BMB",47972.335600907,470,102.068799150866,114.403813528248
"Lost Island Lake",2010-03-10,"2010","2010","3","CAP",33120.1814058957,470,70.4684710763738,78.9845858059536
"Lost Island Lake",2010-04-21,"2010","2010","4","BMB",10113.3786848073,470,21.5178269889516,24.1182563805664
"Lost Island Lake",2010-04-28,"2010","2010","4","BMB",1995.46485260771,470,4.24566989916534,4.75875910647947
"Lost Island Lake",2010-04-29,"2010","2010","4","BMB",1587.30158730159,470,3.37723741979061,3.78537656197231
"Lost Island Lake",2010-04-21,"2010","2010","4","CAP",11089.7959183673,470,23.5953104646114,26.4468037342597
"Lost Island Lake",2010-04-28,"2010","2010","4","CAP",7933.78684807256,470,16.8803975490906,18.9203935928981
"Lost Island Lake",2010-04-29,"2010","2010","4","CAP",19986.3945578231,470,42.5242437400492,47.6632985960342
"Lost Island Lake",2010-05-25,"2010","2010","5","BMB",4625.85034013605,470,9.84223476624692,11.0316688377479
"Lost Island Lake",2010-05-25,"2010","2010","5","CAP",17387.3015873016,470,36.9942586963864,41.4650148598446
"Lost Island Lake",2010-10-11,"2011","2010","10","BMB",13333.3333333333,470,28.3687943262411,31.7971631205674
"Lost Island Lake",2010-10-13,"2011","2010","10","BMB",8299.31972789116,470,17.6581270806195,19.7921117383123
"Lost Island Lake",2010-10-14,"2011","2010","10","BMB",4263.03854875283,470,9.0702947845805,10.1664399092971
"Lost Island Lake",2010-10-18,"2011","2010","10","BMB",1632.65306122449,470,3.47372991749891,3.89353017802866
"Lost Island Lake",2010-10-19,"2011","2010","10","BMB",3219.95464852608,470,6.85096733728953,7.67890674000096
"Lost Island Lake",2010-10-11,"2011","2010","10","CAP",22086.1678004535,470,46.9918463839436,52.6708110194432
"Lost Island Lake",2010-10-13,"2011","2010","10","CAP",10975.0566893424,470,23.3511844454094,26.1731750856371
"Lost Island Lake",2010-10-14,"2011","2010","10","CAP",16371.8820861678,470,34.8337916726974,39.0434553963429
"Lost Island Lake",2010-10-18,"2011","2010","10","CAP",6575.96371882086,470,13.991412167704,15.682274328171
"Lost Island Lake",2010-10-19,"2011","2010","10","CAP",2539.68253968254,470,5.40357987166498,6.05660249915569
"Lost Island Lake",2011-01-05,"2011","2011","1","BMB",1950.11337868481,470,4.14917740145704,4.65060549042312
"Lost Island Lake",2011-01-06,"2011","2011","1","BMB",60209.0702947846,470,128.10440488252,143.585822212573
"Lost Island Lake",2011-01-12,"2011","2011","1","BMB",997.732426303855,470,2.12283494958267,2.37937955323974
"Lost Island Lake",2011-01-05,"2011","2011","1","CAP",1768.7074829932,470,3.76320741062382,4.21799102619771
"Lost Island Lake",2011-01-06,"2011","2011","1","CAP",44750.566893424,470,95.2139721136682,106.720580643605
"Lost Island Lake",2011-01-12,"2011","2011","1","CAP",1269.84126984127,470,2.70178993583249,3.02830124957784
"Lost Island Lake",2011-05-18,"2011","2011","5","BMB",9.0702947845805,470,0.0192984995416606,0.0216307232112703
"Lost Island Lake",2011-05-19,"2011","2011","5","BMB",544.21768707483,470,1.15790997249964,1.29784339267622
"Lost Island Lake",2011-05-18,"2011","2011","5","CAP",1950.11337868481,470,4.14917740145704,4.65060549042312
"Lost Island Lake",2011-05-19,"2011","2011","5","CAP",1814.0589569161,470,3.85969990833213,4.32614464225406
"Lost Island Lake",2011-11-12,"2012","2011","11","BMB",2591.83673469388,470,5.51454624402953,6.18097915762049
"Lost Island Lake",2011-11-13,"2012","2011","11","BMB",17413.1519274376,470,37.0492594200801,41.5266624209968
"Lost Island Lake",2011-11-19,"2012","2011","11","BMB",7854.87528344671,470,16.7125006030781,18.7322063009601
"Lost Island Lake",2011-11-28,"2012","2011","11","BMB",10.8843537414966,470,0.0231581994499928,0.0259568678535244
"Lost Island Lake",2011-11-29,"2012","2011","11","BMB",272.562358276644,470,0.579919911226902,0.650003232498673
"Lost Island Lake",2011-11-12,"2012","2011","11","CAP",2839.0022675737,470,6.04043035653978,6.77041636512761
"Lost Island Lake",2011-11-13,"2012","2011","11","CAP",10673.9229024943,470,22.7104742606262,25.4550350750229
"Lost Island Lake",2011-11-19,"2012","2011","11","CAP",2315.19274376417,470,4.92594200800888,5.52124209967675
"Lost Island Lake",2011-11-28,"2012","2011","11","CAP",2.72108843537415,470,0.00578954986249819,0.0064892169633811
"Lost Island Lake",2011-11-29,"2012","2011","11","CAP",143.310657596372,470,0.304916292758238,0.341765426738071
"Lost Island Lake",2012-03-26,"2012","2012","3","BMB",9.52380952380952,470,0.0202634245187437,0.0227122593718338
"Lost Island Lake",2012-03-28,"2012","2012","3","BMB",56.6893424036281,470,0.120615622135379,0.13519202007044
"Lost Island Lake",2012-03-29,"2012","2012","3","BMB",199.546485260771,470,0.424566989916534,0.475875910647947
"Lost Island Lake",2012-03-30,"2012","2012","3","BMB",113.378684807256,470,0.241231244270758,0.270384040140879
"Lost Island Lake",2012-03-26,"2012","2012","3","CAP",14.9659863945578,470,0.03184252424374,0.035690693298596
"Lost Island Lake",2012-03-28,"2012","2012","3","CAP",540.589569160998,470,1.15019057268297,1.28919110339171
"Lost Island Lake",2012-03-29,"2012","2012","3","CAP",385.487528344671,470,0.820186230520577,0.919305736478989
"Lost Island Lake",2012-03-30,"2012","2012","3","CAP",408.163265306122,470,0.868432479374729,0.973382544507164
"Lost Island Lake",2012-05-05,"2012","2012","5","BMB",7679.81859410431,470,16.3400395619241,18.3147333429826
"Lost Island Lake",2012-05-05,"2012","2012","5","CAP",12690.2494331066,470,27.0005307087374,30.2635448448883
"Lost Island Lake",2012-11-09,"2013","2012","11","BMB",260.770975056689,470,0.554831861822743,0.621883292324022
"Lost Island Lake",2012-11-09,"2013","2012","11","CAP",326.530612244898,470,0.694745983499783,0.778706035605732
"Lost Island Lake",2013-06-03,"2013","2013","6","BMB",68.0272108843537,470,0.144738746562455,0.162230424084527
"Lost Island Lake",2013-06-03,"2013","2013","6","CAP",1360.54421768707,470,2.8947749312491,3.24460848169055
"Lost Island Lake",2013-10-28,"2014","2013","10","BMB",22.6757369614512,470,0.0482462488541516,0.0540768080281758
"Lost Island Lake",2013-10-28,"2014","2013","10","CAP",22.6757369614512,470,0.0482462488541516,0.0540768080281758
"Lost Island Lake",2014-05-10,"2014","2014","5","BMB",2376.41723356009,470,5.05620687991509,5.66724948135282
"Lost Island Lake",2014-05-19,"2014","2014","5","BMB",277.097505668934,470,0.589569160997732,0.660818594104308
"Lost Island Lake",2014-05-20,"2014","2014","5","BMB",453.514739229025,470,0.964924977083032,1.08153616056352
"Lost Island Lake",2014-05-10,"2014","2014","5","CAP",5752.83446712018,470,12.2400733342983,13.7192861967482
"Lost Island Lake",2014-05-19,"2014","2014","5","CAP",2088.88888888889,470,4.44444444444444,4.98155555555555
"Lost Island Lake",2014-05-20,"2014","2014","5","CAP",571.428571428571,470,1.21580547112462,1.36273556231003
"Lost Island Lake",2015-05-04,"2015","2015","5","BMB",8532.8798185941,470,18.1550634438172,20.3491028610026
"Lost Island Lake",2015-05-04,"2015","2015","5","CAP",582.766439909297,470,1.2399285955517,1.38977396632412
"Lost Island Lake",2015-10-17,"2016","2015","10","BMB",657.596371882086,470,1.3991412167704,1.5682274328171
"Lost Island Lake",2015-10-20,"2016","2015","10","BMB",154.195011337868,470,0.328074492208231,0.367722294591595
"Lost Island Lake",2015-10-17,"2016","2015","10","CAP",90.702947845805,470,0.192984995416606,0.216307232112703
"Lost Island Lake",2015-10-20,"2016","2015","10","CAP",154.195011337868,470,0.328074492208231,0.367722294591595
"Lost Island Lake",2016-05-08,"2016","2016","5","BMB",7102.49433106576,470,15.1116900660974,16.9379378105852
"Lost Island Lake",2016-05-08,"2016","2016","5","CAP",6594.10430839002,470,14.0300091667873,15.7255357745935
"Lost Island Lake",2016-11-12,"2017","2016","11","BMB",4.98866213151927,470,0.0106141747479133,0.0118968977661987
"Lost Island Lake",2016-11-14,"2017","2016","11","BMB",136.054421768707,470,0.28947749312491,0.324460848169055
"Lost Island Lake",2016-11-13,"2017","2016","11","BMB",152.834467120181,470,0.325179717276982,0.364477686109905
"Lost Island Lake",2016-11-13,"2017","2016","11","CAP",183.219954648526,470,0.389829690741545,0.436940608867661
"Lost Island Lake",2016-11-12,"2017","2016","11","CAP",9.52380952380952,470,0.0202634245187437,0.0227122593718338
"Lost Island Lake",2016-11-14,"2017","2016","11","CAP",283.446712018141,470,0.603078110676895,0.675960100352198
"Lost Island Lake",2017-05-07,"2017","2017","5","BMB",4943.31065759637,470,10.517682250205,11.7887441501423
"Lost Island Lake",2017-05-09,"2017","2017","5","BMB",1768.7074829932,470,3.76320741062382,4.21799102619771
"Lost Island Lake",2017-05-07,"2017","2017","5","CAP",4353.74149659864,470,9.2632797799971,10.3827471414098
"Lost Island Lake",2017-05-09,"2017","2017","5","CAP",770.975056689342,470,1.64037246104115,1.83861147295798
"Lost Island Lake",2017-11-04,"2018","2017","11","BMB",5802.26757369614,470,12.3452501568003,13.8371736382496
"Lost Island Lake",2017-11-05,"2018","2017","11","BMB",16.3265306122449,470,0.0347372991749891,0.0389353017802866
"Lost Island Lake",2017-11-04,"2018","2017","11","CAP",108.843537414966,470,0.231581994499928,0.259568678535244
"Lost Island Lake",2017-11-05,"2018","2017","11","CAP",4.53514739229025,470,0.00964924977083032,0.0108153616056352
"Lost Island Lake",2018-05-06,"2018","2018","5","BMB",6900.22675736961,470,14.6813335263183,16.4555726829739
"Lost Island Lake",2018-05-06,"2018","2018","5","CAP",1746.03174603175,470,3.71496116176967,4.16391421816954
"Silver Lake",1999-11-03,"2000","1999","11","BMB",1818.59410430839,418,4.3507035988239,4.87648612874177
"Silver Lake",1999-11-04,"2000","1999","11","BMB",2993.19727891156,418,7.16075904045829,8.02613677049767
"Silver Lake",1999-11-03,"2000","1999","11","CAP",3709.75056689342,418,8.87500135620436,9.94754527010166
"Silver Lake",1999-11-04,"2000","1999","11","CAP",1882.08616780045,418,4.50259848756089,5.04673751478263
"Silver Lake",2001-11-13,"2002","2001","11","BMB",272.108843537415,418,0.650978094587117,0.72964879731797
"Silver Lake",2001-11-13,"2002","2001","11","CAP",2267.57369614512,418,5.42481745489264,6.08040664431642
"Silver Lake",2002-10-07,"2003","2002","10","BMB",0.453514739229025,418,0.00108496349097853,0.00121608132886328
"Silver Lake",2002-10-09,NA,"2002","10","BMB",0,418,0,0
"Silver Lake",2002-10-10,NA,"2002","10","BMB",0,418,0,0
"Silver Lake",2002-10-07,"2003","2002","10","CAP",8.16326530612245,418,0.0195293428376135,0.0218894639195391
"Silver Lake",2002-10-09,"2003","2002","10","CAP",181.40589569161,418,0.433985396391411,0.486432531545313
"Silver Lake",2002-10-10,"2003","2002","10","CAP",136.054421768707,418,0.325489047293559,0.364824398658985
"Silver Lake",2003-10-07,"2004","2003","10","BMB",1306.12244897959,418,3.12469485401816,3.50231422712626
"Silver Lake",2003-10-07,"2004","2003","10","CAP",344.671201814059,418,0.824572253143682,0.924221809936095
"Silver Lake",2003-11-05,"2004","2003","11","BMB",4580.49886621315,418,10.9581312588831,12.2824214215192
"Silver Lake",2003-11-05,"2004","2003","11","CAP",9596.8253968254,418,22.9589124325966,25.7334970000759
"Silver Lake",2004-10-07,"2005","2004","10","BMB",911.56462585034,418,2.18077661686684,2.4443234710152
"Silver Lake",2004-10-07,"2005","2004","10","CAP",352.834467120181,418,0.844101595981295,0.946111273855635
"Silver Lake",2004-11-02,"2005","2004","11","BMB",5.4421768707483,418,0.0130195618917423,0.0145929759463594
"Silver Lake",2004-11-03,"2005","2004","11","BMB",94.3310657596372,418,0.225672406123534,0.252944916403563
"Silver Lake",2004-11-02,"2005","2004","11","CAP",498.866213151927,418,1.19345984007638,1.33768946174961
"Silver Lake",2004-11-03,"2005","2004","11","CAP",222.222222222222,418,0.531632110579479,0.595879851143009
"Silver Lake",2005-05-13,"2005","2005","5","BMB",1043.08390022676,418,2.49541602925062,2.79698705638555
"Silver Lake",2005-05-13,"2005","2005","5","CAP",2947.84580498866,418,7.05226269136044,7.90452863761134
"Silver Lake",2006-05-11,"2006","2006","5","BMB",725.62358276644,418,1.73594158556565,1.94573012618125
"Silver Lake",2006-05-12,"2006","2006","5","BMB",952.380952380952,418,2.27842333105491,2.5537707906129
"Silver Lake",2006-05-15,"2006","2006","5","BMB",1405.89569160998,418,3.36338682203344,3.76985211947618
"Silver Lake",2006-05-11,"2006","2006","5","CAP",3083.90022675737,418,7.37775173865399,8.26935303627033
"Silver Lake",2006-05-12,"2006","2006","5","CAP",2131.51927437642,418,5.09932840759908,5.71558224565743
"Silver Lake",2006-05-15,"2006","2006","5","CAP",1723.35600907029,418,4.12286126571841,4.62110904968048
"Silver Lake",2007-04-18,"2007","2007","4","BMB",45.3514739229025,418,0.108496349097853,0.121608132886328
"Silver Lake",2007-04-18,"2007","2007","4","CAP",317.460317460317,418,0.75947444368497,0.851256930204298
"Silver Lake",2010-04-23,"2010","2010","4","BMB",1451.24716553288,418,3.47188317113129,3.89146025236251
"Silver Lake",2010-04-23,"2010","2010","4","CAP",9251.70068027211,418,22.133255215962,24.808059108811
"Silver Lake",2012-04-30,"2012","2012","4","BMB",997.732426303855,418,2.38691968015276,2.67537892349922
"Silver Lake",2012-04-30,"2012","2012","4","CAP",3356.00907029478,418,8.02872983324111,8.9990018335883
"Silver Lake",2013-04-30,"2013","2013","4","BMB",4897.95918367347,418,11.7176057025681,13.1336783517235
"Silver Lake",2013-04-30,"2013","2013","4","CAP",10113.3786848073,418,24.1946858488212,27.1186136336512
"Silver Lake",2014-04-22,"2014","2014","4","BMB",2403.62811791383,418,5.7503065021862,6.4452310429754
"Silver Lake",2014-04-25,"2014","2014","4","BMB",498.866213151927,418,1.19345984007638,1.33768946174961
"Silver Lake",2014-04-22,"2014","2014","4","CAP",5714.28571428571,418,13.6705399863295,15.3226247436774
"Silver Lake",2014-04-25,"2014","2014","4","CAP",1179.13832199546,418,2.82090507654417,3.16181145504454
"Silver Lake",2014-05-20,"2014","2014","5","BMB",2947.84580498866,418,7.05226269136044,7.90452863761134
"Silver Lake",2014-05-20,"2014","2014","5","CAP",6938.77551020408,418,16.5999414119715,18.6060443316082
"Silver Lake",2015-05-19,"2015","2015","5","BMB",952.380952380952,418,2.27842333105491,2.5537707906129
"Silver Lake",2015-05-19,"2015","2015","5","CAP",5351.47392290249,418,12.8025691935466,14.3497596805867
"Silver Lake",2015-10-23,"2016","2015","10","BMB",6108.84353741497,418,14.6144582234808,16.3806154997884
"Silver Lake",2015-10-23,"2016","2015","10","CAP",2172.33560090703,418,5.19697512178715,5.82502956525513
"Silver Lake",2018-10-22,"2019","2018","10","BMB",27981.8594104308,418,66.9422473933752,75.0322179908646
"Silver Lake",2018-10-22,"2019","2018","10","CAP",4172.33560090703,418,9.98166411700246,11.1879482255422
"Silver Lake",2019-10-14,"2020","2019","10","BMB",3786.84807256236,418,9.05944514967071,10.1542790960084
"Silver Lake",2019-10-16,"2020","2019","10","BMB",4376.41723356009,418,10.4698976879428,11.7351848235307
"Silver Lake",2019-10-14,"2020","2019","10","CAP",1417.2335600907,418,3.3905109093079,3.80025415269776
"Silver Lake",2019-10-16,"2020","2019","10","CAP",15984.5804988662,418,38.2406232030292,42.8620025171153
"Silver Lake",2019-11-02,NA,"2019","11","BMB",0,418,0,0
"Silver Lake",2019-11-03,"2020","2019","11","BMB",23673.4693877551,418,56.6350942290792,63.4794453666634
"Silver Lake",2019-11-02,"2020","2019","11","CAP",136.054421768707,418,0.325489047293559,0.364824398658985
"Silver Lake",2019-11-03,"2020","2019","11","CAP",13144.2176870748,418,31.4454968590307,35.2456851544446
