Lake,Angler,Length of Seine,Date,Modified Year ,Year,Month,Species,Pounds,Pounds/Acre,Kg/HA
Center Lake,Mohr,1800,2/4/1999,1999,1999,2,BMB,40,0.181818182,0.203790909
Center Lake,Mohr,1800,2/4/1999,1999,1999,2,CAP,447,2.031818182,2.277363409
Center Lake,Mohr,1800,4/9/1999,1999,1999,4,BMB,30,0.136363636,0.152843182
Center Lake,Mohr,1800,4/9/1999,1999,1999,4,CAP,10,0.045454545,0.050947727
Center Lake,Mohr,2700,5/22/2001,2001,2001,5,BMB,1000,4.545454545,5.094772727
Center Lake,Mohr,2700,5/22/2001,2001,2001,5,CAP,6200,28.18181818,31.58759091
center lake,Mohr,250,5/13/2010,2010,2010,5,BMB,4450,20.22727273,22.67173864
center lake,Mohr,250,5/24/2010,2010,2010,5,BMB,2600,11.81818182,13.24640909
center lake,Mohr,5000,5/13/2010,2010,2010,5,CAP,28000,127.2727273,142.6536364
center lake,Mohr,5000,5/24/2010,2010,2010,5,CAP,4100,18.63636364,20.88856818
center lake,Mohr,5000,5/10/2011,2011,2011,5,BMB,3500,15.90909091,17.83170455
Center Lake,Mohr,5000,5/11/2011,2011,2011,5,BMB,16800,76.36363636,85.59218182
center lake,Mohr,2300,5/10/2011,2011,2011,5,CAP,10750,48.86363636,54.76880682
Center Lake,Mohr,2300,5/11/2011,2011,2011,5,CAP,4550,20.68181818,23.18121591
Center Lake,Mohr,2300,4/2/2012,2012,2012,4,BMB,4200,19.09090909,21.39804545
Center Lake,Mohr,2300,4/5/2012,2012,2012,4,BMB,6900,31.36363636,35.15393182
Center Lake,Mohr,3000,4/2/2012,2012,2012,4,CAP,16800,76.36363636,85.59218182
Center Lake,Mohr,2300,4/5/2012,2012,2012,4,CAP,4600,20.90909091,23.43595455
Center Lake,Mohr,2300,4/25/2013,2013,2013,4,BMB,24800,112.7272727,126.3503636
Center Lake,Mohr,2300,4/25/2013,2013,2013,4,CAP,16750,76.13636364,85.33744318
Center Lake,Mohr,2300,5/14/2013,2013,2013,5,BMB,950,4.318181818,4.840034091
Center Lake,Mohr,3000,5/14/2013,2013,2013,5,CAP,280,1.272727273,1.426536364
Center Lake,Mohr,5500,4/23/2014,2014,2014,4,BMB,4800,21.81818182,24.45490909
Center Lake,Mohr,5500,4/24/2014,2014,2014,4,BMB,12400,56.36363636,63.17518182
Center Lake,Mohr,5500,4/23/2014,2014,2014,4,CAP,5900,26.81818182,30.05915909
Center Lake,Mohr,5500,4/24/2014,2014,2014,4,CAP,2800,12.72727273,14.26536364
Center Lake,Mohr,5500,4/14/2015,2015,2015,4,BMB,4200,19.09090909,21.39804545
Center Lake,Mohr,5500,4/15/2015,2015,2015,4,BMB,19200,87.27272727,97.81963636
Center Lake,Mohr,3200,4/14/2015,2015,2015,4,CAP,5500,25,28.02125
Center Lake,Mohr,5500,4/15/2015,2015,2015,4,CAP,11500,52.27272727,58.58988636
Center Lake,Mohr,5500,5/3/2016,2016,2016,5,BMB,150,0.681818182,0.764215909
Center Lake,Mohr,5500,5/18/2016,2016,2016,5,BMB,58700,266.8181818,299.0631591
Center Lake,Mohr,5500,5/20/2016,2016,2016,5,BMB,13100,59.54545455,66.74152273
Center Lake,Mohr,3200,5/3/2016,2016,2016,5,CAP,350,1.590909091,1.783170455
Center Lake,Mohn,2800,5/18/2016,2016,2016,5,CAP,1900,8.636363636,9.680068182
Center Lake,Mohn,2800,5/20/2016,2016,2016,5,CAP,450,2.045454545,2.292647727
Center Lake,Mohn,2800,6/3/2016,2016,2016,6,BMB,400,1.818181818,2.037909091
Center Lake,Mohn,2800,6/3/2016,2016,2016,6,CAP,1100,5,5.60425
Center Lake,Mohn,2800,4/26/2017,2017,2017,4,BMB,14200,64.54545455,72.34577273
Center Lake,Mohn,2800,4/27/2017,2017,2017,4,BMB,6200,28.18181818,31.58759091
Center Lake,Mohn,2800,4/26/2017,2017,2017,4,CAP,1300,5.909090909,6.623204545
Center Lake,Mohn,2800,4/27/2017,2017,2017,4,CAP,4400,20,22.417
Center Lake,,,5/17/2017,2017,2017,5,BMB,10700,48.63636364,54.51406818
Center Lake,,,5/17/2017,2017,2017,5,CAP,3700,16.81818182,18.85065909
Center Lake,,,1/7/2018,2018,2018,1,BMB,7000,31.81818182,35.66340909
Center Lake,,,1/7/2018,2018,2018,1,CAP,1100,5,5.60425
Center Lake,,,3/19/2018,2018,2018,3,BMB,33400,151.8181818,170.1654091
Center Lake,,,3/19/2018,2018,2018,3,CAP,1200,5.454545455,6.113727273
Center Lake,,,5/9/2018,2018,2018,5,BMB,2200,10,11.2085
Center Lake,,,5/9/2018,2018,2018,5,CAP,2043,9.286363636,10.40862068
Center Lake,,,6/4/2018,2018,2018,6,BMB,893,4.059090909,4.549632045
Center Lake,,,6/4/2018,2018,2018,6,CAP,141,0.640909091,0.718362955
Center Lake,,,4/22/2019,2019,2019,4,BMB,12000,54.54545455,61.13727273
Center Lake,,,4/22/2019,2019,2019,4,CAP,2408,10.94545455,12.26821273
Five Island Lake,,,6/3/1999,1999,1999,6,BMB,400,0.414937759,0.465082988
Five Island Lake,,,6/3/1999,1999,1999,6,CAP,2900,3.008298755,3.37185166
Five Island Lake,,,10/21/1999,2000,1999,10,BMB,5000,5.186721992,5.813537344
Five Island Lake,,,10/22/1999,2000,1999,10,BMB,2600,2.697095436,3.023039419
Five Island Lake,,,10/26/1999,2000,1999,10,BMB,4200,4.356846473,4.883371369
Five Island Lake,,,10/27/1999,2000,1999,10,BMB,740,0.767634855,0.860403527
Five Island Lake,,,10/28/1999,2000,1999,10,BMB,850,0.881742739,0.988301349
Five Island Lake,,,10/29/1999,2000,1999,10,BMB,5200,5.394190871,6.046078838
Five Island Lake,,,10/21/1999,2000,1999,10,CAP,250,0.2593361,0.290676867
Five Island Lake,,,10/22/1999,2000,1999,10,CAP,1500,1.556016598,1.744061203
Five Island Lake,,,10/26/1999,2000,1999,10,CAP,3600,3.734439834,4.185746888
Five Island Lake,,,10/27/1999,2000,1999,10,CAP,600,0.622406639,0.697624481
Five Island Lake,,,10/28/1999,2000,1999,10,CAP,1600,1.659751037,1.86033195
Five Island Lake,,,10/29/1999,2000,1999,10,CAP,8500,8.817427386,9.883013485
Five Island Lake,,,11/9/1999,2000,1999,11,BMB,1500,1.556016598,1.744061203
Five Island Lake,,,11/9/1999,2000,1999,11,CAP,3800,3.941908714,4.418288382
Five Island Lake,,,3/20/2000,2000,2000,3,BMB,1300,1.348547718,1.51151971
Five Island Lake,,,3/21/2000,2000,2000,3,BMB,3250,3.371369295,3.778799274
Five Island Lake,,,3/22/2000,2000,2000,3,BMB,5300,5.497925311,6.162349585
Five Island Lake,,,3/24/2000,2000,2000,3,BMB,500,0.518672199,0.581353734
Five Island Lake,,,3/29/2000,2000,2000,3,BMB,1300,1.348547718,1.51151971
Five Island Lake,,,3/30/2000,2000,2000,3,BMB,2550,2.645228216,2.964904046
Five Island Lake,,,3/20/2000,2000,2000,3,CAP,4100,4.253112033,4.767100622
Five Island Lake,,,3/21/2000,2000,2000,3,CAP,12400,12.86307054,14.41757261
Five Island Lake,,,3/22/2000,2000,2000,3,CAP,1100,1.141078838,1.278978216
Five Island Lake,,,3/24/2000,2000,2000,3,CAP,2000,2.074688797,2.325414938
Five Island Lake,,,3/29/2000,2000,2000,3,CAP,1800,1.867219917,2.092873444
Five Island Lake,,,3/30/2000,2000,2000,3,CAP,1300,1.348547718,1.51151971
Five Island Lake,,,4/1/2000,2000,2000,4,BMB,200,0.20746888,0.232541494
Five Island Lake,,,4/13/2000,2000,2000,4,BMB,5200,5.394190871,6.046078838
Five Island Lake,,,4/14/2000,2000,2000,4,BMB,50,0.05186722,0.058135373
Five Island Lake,,,4/17/2000,2000,2000,4,BMB,500,0.518672199,0.581353734
Five Island Lake,,,4/1/2000,2000,2000,4,CAP,2000,2.074688797,2.325414938
Five Island Lake,,,4/13/2000,2000,2000,4,CAP,5000,5.186721992,5.813537344
Five Island Lake,,,4/14/2000,2000,2000,4,CAP,100,0.10373444,0.116270747
Five Island Lake,,,4/17/2000,2000,2000,4,CAP,2400,2.489626556,2.790497925
Five Island Lake,,,5/25/2000,2000,2000,5,BMB,11800,12.2406639,13.71994813
Five Island Lake,,,5/25/2000,2000,2000,5,CAP,17050,17.68672199,19.82416234
Five Island Lake,,,9/8/2000,2000,2000,9,BMB,12200,12.65560166,14.18503112
Five Island Lake,,,9/11/2000,2000,2000,9,BMB,4550,4.719917012,5.290318983
Five Island Lake,,,9/8/2000,2000,2000,9,CAP,450,0.466804979,0.523218361
Five Island Lake,,,10/11/2000,2001,2000,10,BMB,4700,4.875518672,5.464725104
Five Island Lake,,,10/18/2000,2001,2000,10,BMB,250,0.2593361,0.290676867
Five Island Lake,,,10/19/2000,2001,2000,10,BMB,1150,1.192946058,1.337113589
Five Island Lake,,,10/20/2000,2001,2000,10,BMB,8550,8.869294606,9.941148859
Five Island Lake,,,10/25/2000,2001,2000,10,BMB,1600,1.659751037,1.86033195
Five Island Lake,,,10/26/2000,2001,2000,10,BMB,1400,1.452282158,1.627790456
Five Island Lake,,,10/27/2000,2001,2000,10,BMB,21000,21.78423237,24.41685685
Five Island Lake,,,10/11/2000,2001,2000,10,CAP,1450,1.504149378,1.68592583
Five Island Lake,,,10/18/2000,2001,2000,10,CAP,300,0.31120332,0.348812241
Five Island Lake,,,10/19/2000,2001,2000,10,CAP,850,0.881742739,0.988301349
Five Island Lake,,,10/20/2000,2001,2000,10,CAP,1600,1.659751037,1.86033195
Five Island Lake,,,10/25/2000,2001,2000,10,CAP,2900,3.008298755,3.37185166
Five Island Lake,,,10/26/2000,2001,2000,10,CAP,300,0.31120332,0.348812241
Five Island Lake,,,10/27/2000,2001,2000,10,CAP,600,0.622406639,0.697624481
Five Island Lake,,,5/1/2001,2001,2001,5,BMB,5400,5.601659751,6.278620332
Five Island Lake,,,5/2/2001,2001,2001,5,BMB,2200,2.282157676,2.557956432
Five Island Lake,,,5/3/2001,2001,2001,5,BMB,5900,6.12033195,6.859974066
Five Island Lake,,,5/8/2001,2001,2001,5,BMB,2700,2.800829876,3.139310166
Five Island Lake,,,5/9/2001,2001,2001,5,BMB,4700,4.875518672,5.464725104
Five Island Lake,,,5/11/2001,2001,2001,5,BMB,5200,5.394190871,6.046078838
Five Island Lake,,,5/14/2001,2001,2001,5,BMB,2050,2.126556017,2.383550311
Five Island Lake,,,5/23/2001,2001,2001,5,BMB,3650,3.786307054,4.243882261
Five Island Lake,,,5/29/2001,2001,2001,5,BMB,2100,2.178423237,2.441685685
Five Island Lake,,,5/1/2001,2001,2001,5,CAP,2200,2.282157676,2.557956432
Five Island Lake,,,5/2/2001,2001,2001,5,CAP,900,0.933609959,1.046436722
Five Island Lake,,,5/3/2001,2001,2001,5,CAP,700,0.726141079,0.813895228
Five Island Lake,,,5/8/2001,2001,2001,5,CAP,200,0.20746888,0.232541494
Five Island Lake,,,5/9/2001,2001,2001,5,CAP,600,0.622406639,0.697624481
Five Island Lake,,,5/11/2001,2001,2001,5,CAP,300,0.31120332,0.348812241
Five Island Lake,,,5/14/2001,2001,2001,5,CAP,200,0.20746888,0.232541494
Five Island Lake,,,5/23/2001,2001,2001,5,CAP,450,0.466804979,0.523218361
Five Island Lake,,,5/29/2001,2001,2001,5,CAP,400,0.414937759,0.465082988
Five Island Lake,,,9/25/2001,2001,2001,9,BMB,11200,11.61825726,13.02232365
Five Island Lake,,,9/27/2001,2001,2001,9,BMB,500,0.518672199,0.581353734
Five Island Lake,,,9/25/2001,2001,2001,9,CAP,1450,1.504149378,1.68592583
Five Island Lake,,,9/27/2001,2001,2001,9,CAP,1600,1.659751037,1.86033195
Five Island Lake,,,10/1/2001,2002,2001,10,BMB,6100,6.32780083,7.09251556
Five Island Lake,,,10/2/2001,2002,2001,10,BMB,1500,1.556016598,1.744061203
Five Island Lake,,,10/4/2001,2002,2001,10,BMB,400,0.414937759,0.465082988
Five Island Lake,,,10/11/2001,2002,2001,10,BMB,3100,3.215767635,3.604393154
Five Island Lake,,,10/16/2001,2002,2001,10,BMB,300,0.31120332,0.348812241
Five Island Lake,,,10/1/2001,2002,2001,10,CAP,1100,1.141078838,1.278978216
Five Island Lake,,,10/2/2001,2002,2001,10,CAP,200,0.20746888,0.232541494
Five Island Lake,,,10/4/2001,2002,2001,10,CAP,100,0.10373444,0.116270747
Five Island Lake,,,10/11/2001,2002,2001,10,CAP,800,0.829875519,0.930165975
Five Island Lake,,,10/16/2001,2002,2001,10,CAP,200,0.20746888,0.232541494
Five Island Lake,,,5/10/2002,2002,2002,5,BMB,940,0.975103734,1.092945021
Five Island Lake,,,5/20/2002,2002,2002,5,BMB,900,0.933609959,1.046436722
Five Island Lake,,,5/10/2002,2002,2002,5,CAP,200,0.20746888,0.232541494
Five Island Lake,,,5/20/2002,2002,2002,5,CAP,400,0.414937759,0.465082988
Five Island Lake,,,10/1/2002,2003,2002,10,BMB,2650,2.748962656,3.081174793
Five Island Lake,,,10/7/2002,2003,2002,10,BMB,950,0.985477178,1.104572095
Five Island Lake,,,10/8/2002,2003,2002,10,BMB,550,0.570539419,0.639489108
Five Island Lake,,,10/1/2002,2003,2002,10,CAP,1300,1.348547718,1.51151971
Five Island Lake,,,10/7/2002,2003,2002,10,CAP,12100,12.55186722,14.06876037
Five Island Lake,,,10/8/2002,2003,2002,10,CAP,4300,4.460580913,4.999642116
Five Island Lake,,,4/29/2003,2003,2003,4,BMB,13402,13.90248963,15.5826055
Five Island Lake,,,4/30/2003,2003,2003,4,BMB,5000,5.186721992,5.813537344
Five Island Lake,,,4/29/2003,2003,2003,4,CAP,15300,15.87136929,17.78942427
Five Island Lake,,,4/30/2003,2003,2003,4,CAP,5000,5.186721992,5.813537344
Five Island Lake,,,9/10/2003,2003,2003,9,BMB,810,0.840248963,0.94179305
Five Island Lake,,,9/15/2003,2003,2003,9,BMB,100,0.10373444,0.116270747
Five Island Lake,,,9/10/2003,2003,2003,9,CAP,150,0.15560166,0.17440612
Five Island Lake,,,9/15/2003,2003,2003,9,CAP,1500,1.556016598,1.744061203
Five Island Lake,,,4/7/2004,2004,2004,4,BMB,54360,56.39004149,63.20477801
Five Island Lake,,,4/7/2004,2004,2004,4,CAP,4850,5.031120332,5.639131224
Five Island Lake,,,5/18/2004,2004,2004,5,BMB,1400,1.452282158,1.627790456
Five Island Lake,,,5/19/2004,2004,2004,5,BMB,100,0.10373444,0.116270747
Five Island Lake,,,5/18/2004,2004,2004,5,CAP,4290,4.450207469,4.988015041
Five Island Lake,,,5/19/2004,2004,2004,5,CAP,10700,11.09958506,12.44096992
Five Island Lake,,,9/22/2004,2004,2004,9,BMB,2217,2.299792531,2.577722459
Five Island Lake,,,9/22/2004,2004,2004,9,CAP,3017,3.12966805,3.507888434
Five Island Lake,,,4/14/2005,2005,2005,4,BMB,1450,1.504149378,1.68592583
Five Island Lake,,,4/18/2005,2005,2005,4,BMB,1600,1.659751037,1.86033195
Five Island Lake,,,4/19/2005,2005,2005,4,BMB,1050,1.089211618,1.220842842
Five Island Lake,,,4/14/2005,2005,2005,4,CAP,300,0.31120332,0.348812241
Five Island Lake,,,4/18/2005,2005,2005,4,CAP,8000,8.298755187,9.301659751
Five Island Lake,,,4/19/2005,2005,2005,4,CAP,5000,5.186721992,5.813537344
Five Island Lake,,,5/16/2005,2005,2005,5,BMB,350,0.363070539,0.406947614
Five Island Lake,,,5/17/2005,2005,2005,5,BMB,275,0.28526971,0.319744554
Five Island Lake,,,5/18/2005,2005,2005,5,BMB,625,0.648340249,0.726692168
Five Island Lake,,,5/19/2005,2005,2005,5,BMB,975,1.011410788,1.133639782
Five Island Lake,,,5/20/2005,2005,2005,5,BMB,700,0.726141079,0.813895228
Five Island Lake,,,5/16/2005,2005,2005,5,CAP,2200,2.282157676,2.557956432
Five Island Lake,,,5/17/2005,2005,2005,5,CAP,3100,3.215767635,3.604393154
Five Island Lake,,,5/18/2005,2005,2005,5,CAP,3900,4.045643154,4.534559129
Five Island Lake,,,5/19/2005,2005,2005,5,CAP,5000,5.186721992,5.813537344
Five Island Lake,,,5/20/2005,2005,2005,5,CAP,2400,2.489626556,2.790497925
Five Island Lake,,,10/24/2005,2006,2005,10,BMB,710,0.736514523,0.825522303
Five Island Lake,,,10/25/2005,2006,2005,10,BMB,540,0.560165975,0.627862033
Five Island Lake,,,10/27/2005,2006,2005,10,BMB,640,0.663900415,0.74413278
Five Island Lake,,,10/28/2005,2006,2005,10,BMB,790,0.819502075,0.9185389
Five Island Lake,,,10/24/2005,2006,2005,10,CAP,370,0.383817427,0.430201763
Five Island Lake,,,10/25/2005,2006,2005,10,CAP,680,0.705394191,0.790641079
Five Island Lake,,,10/27/2005,2006,2005,10,CAP,250,0.2593361,0.290676867
Five Island Lake,,,10/28/2005,2006,2005,10,CAP,1750,1.815352697,2.034738071
Five Island Lake,,,5/3/2006,2006,2006,5,BMB,800,0.829875519,0.930165975
Five Island Lake,,,5/8/2006,2006,2006,5,BMB,1000,1.037344398,1.162707469
Five Island Lake,,,5/11/2006,2006,2006,5,BMB,1500,1.556016598,1.744061203
Five Island Lake,,,5/3/2006,2006,2006,5,CAP,150,0.15560166,0.17440612
Five Island Lake,,,5/8/2006,2006,2006,5,CAP,12000,12.44813278,13.95248963
Five Island Lake,,,5/11/2006,2006,2006,5,CAP,8500,8.817427386,9.883013485
Five Island Lake,,,4/17/2007,2007,2007,4,BMB,12965,13.44917012,15.07450233
Five Island Lake,,,4/18/2007,2007,2007,4,BMB,200,0.20746888,0.232541494
Five Island Lake,,,4/19/2007,2007,2007,4,BMB,900,0.933609959,1.046436722
Five Island Lake,,,4/20/2007,2007,2007,4,BMB,1335,1.384854772,1.552214471
Five Island Lake,,,4/17/2007,2007,2007,4,CAP,5700,5.912863071,6.627432573
Five Island Lake,,,4/18/2007,2007,2007,4,CAP,1865,1.934647303,2.168449429
Five Island Lake,,,4/19/2007,2007,2007,4,CAP,6400,6.639004149,7.441327801
Five Island Lake,,,4/20/2007,2007,2007,4,CAP,115,0.119294606,0.133711359
Five Island Lake,,,9/28/2007,2007,2007,9,CAP,440,0.456431535,0.511591286
Five Island Lake,,,4/21/2008,2008,2008,4,BMB,2800,2.904564315,3.255580913
Five Island Lake,,,4/22/2008,2008,2008,4,BMB,43700,45.33195021,50.81031639
Five Island Lake,,,4/29/2008,2008,2008,4,BMB,1100,1.141078838,1.278978216
Five Island Lake,,,4/21/2008,2008,2008,4,CAP,765,0.793568465,0.889471214
Five Island Lake,,,4/22/2008,2008,2008,4,CAP,2150,2.230290456,2.499821058
Five Island Lake,,,4/29/2008,2008,2008,4,CAP,1950,2.022821577,2.267279564
Five Island Lake,,,10/29/2008,2009,2008,10,BMB,6200,6.43153527,7.208786307
Five Island Lake,,,10/30/2008,2009,2008,10,BMB,7100,7.365145228,8.255223029
Five Island Lake,,,10/29/2008,2009,2008,10,CAP,1150,1.192946058,1.337113589
Five Island Lake,,,10/30/2008,2009,2008,10,CAP,105,0.108921162,0.122084284
Five Island Lake,,,4/24/2009,2009,2009,4,BMB,20110,20.86099585,23.3820472
Five Island Lake,,,4/24/2009,2009,2009,4,CAP,495,0.513485477,0.575540197
Five Island Lake,,,9/8/2009,2009,2009,9,BMB,18202,18.88174274,21.16360135
Five Island Lake,,,9/18/2009,2009,2009,9,BMB,26820,27.82157676,31.18381432
Five Island Lake,,,9/19/2009,2009,2009,9,BMB,4120,4.273858921,4.790354772
Five Island Lake,,,9/8/2009,2009,2009,9,CAP,327,0.339211618,0.380205342
Five Island Lake,,,9/18/2009,2009,2009,9,CAP,1050,1.089211618,1.220842842
Five Island Lake,,,9/19/2009,2009,2009,9,CAP,2000,2.074688797,2.325414938
Five Island Lake,,,10/5/2009,2010,2009,10,BMB,850,0.881742739,0.988301349
Five Island Lake,,,10/6/2009,2010,2009,10,BMB,12240,12.69709544,14.23153942
Five Island Lake,,,10/5/2009,2010,2009,10,CAP,525,0.544605809,0.610421421
Five Island Lake,,,10/6/2009,2010,2009,10,CAP,85,0.088174274,0.098830135
Five Island Lake,,,4/24/2012,2012,2012,4,BMB,21000,21.78423237,24.41685685
Five Island Lake,,,4/25/2012,2012,2012,4,BMB,6400,6.639004149,7.441327801
Five Island Lake,,,4/24/2012,2012,2012,4,CAP,24000,24.89626556,27.90497925
Five Island Lake,,,4/25/2012,2012,2012,4,CAP,57000,59.12863071,66.27432573
Five Island Lake,,,5/6/2013,2013,2013,5,BMB,12600,13.07053942,14.65011411
Five Island Lake,,,5/7/2013,2013,2013,5,BMB,10600,10.99585062,12.32469917
Five Island Lake,,,5/13/2013,2013,2013,5,BMB,2800,2.904564315,3.255580913
Five Island Lake,,,5/6/2013,2013,2013,5,CAP,17100,17.73858921,19.88229772
Five Island Lake,,,5/7/2013,2013,2013,5,CAP,17900,18.56846473,20.81246369
Five Island Lake,,,5/13/2013,2013,2013,5,CAP,24600,25.5186722,28.60260373
Five Island Lake,,,5/6/2014,2014,2014,5,BMB,300,0.31120332,0.348812241
Five Island Lake,,,5/6/2014,2014,2014,5,CAP,2400,2.489626556,2.790497925
Five Island Lake,,,4/22/2015,2015,2015,4,BMB,6100,6.32780083,7.09251556
Five Island Lake,,,4/23/2015,2015,2015,4,BMB,1100,1.141078838,1.278978216
Five Island Lake,,,4/22/2015,2015,2015,4,CAP,800,0.829875519,0.930165975
Five Island Lake,,,4/23/2015,2015,2015,4,CAP,400,0.414937759,0.465082988
Five Island Lake,,,5/13/2015,2015,2015,5,BMB,2200,2.282157676,2.557956432
Five Island Lake,,,5/14/2015,2015,2015,5,BMB,4100,4.253112033,4.767100622
Five Island Lake,,,5/18/2015,2015,2015,5,BMB,7200,7.468879668,8.371493776
Five Island Lake,,,5/20/2015,2015,2015,5,BMB,100,0.10373444,0.116270747
Five Island Lake,,,5/26/2015,2015,2015,5,BMB,1100,1.141078838,1.278978216
Five Island Lake,,,5/27/2015,2015,2015,5,BMB,1600,1.659751037,1.86033195
Five Island Lake,,,5/13/2015,2015,2015,5,CAP,6100,6.32780083,7.09251556
Five Island Lake,,,5/14/2015,2015,2015,5,CAP,11300,11.7219917,13.1385944
Five Island Lake,,,5/18/2015,2015,2015,5,CAP,4100,4.253112033,4.767100622
Five Island Lake,,,5/20/2015,2015,2015,5,CAP,5100,5.290456432,5.929808091
Five Island Lake,,,5/26/2015,2015,2015,5,CAP,400,0.414937759,0.465082988
Five Island Lake,,,5/27/2015,2015,2015,5,CAP,200,0.20746888,0.232541494
Five Island Lake,,,10/25/2015,2016,2015,10,BMB,19200,19.91701245,22.3239834
Five Island Lake,,,10/25/2015,2016,2015,10,CAP,1000,1.037344398,1.162707469
Five Island Lake,,,5/5/2016,2016,2016,5,BMB,26700,27.69709544,31.04428942
Five Island Lake,,,5/6/2016,2016,2016,5,BMB,31200,32.36514523,36.27647303
Five Island Lake,,,5/12/2016,2016,2016,5,BMB,10900,11.30705394,12.67351141
Five Island Lake,,,5/17/2016,2016,2016,5,BMB,13200,13.69294606,15.34773859
Five Island Lake,,,5/22/2016,2016,2016,5,BMB,16800,17.42738589,19.53348548
Five Island Lake,,,5/5/2016,2016,2016,5,CAP,6900,7.157676349,8.022681535
Five Island Lake,,,5/6/2016,2016,2016,5,CAP,13600,14.10788382,15.81282158
Five Island Lake,,,5/12/2016,2016,2016,5,CAP,12400,12.86307054,14.41757261
Five Island Lake,,,5/17/2016,2016,2016,5,CAP,2700,2.800829876,3.139310166
Five Island Lake,,,5/22/2016,2016,2016,5,CAP,1900,1.970954357,2.209144191
Five Island Lake,,,5/2/2017,2017,2017,5,BMB,7400,7.676348548,8.60403527
Five Island Lake,,,5/9/2017,2017,2017,5,BMB,21300,22.09543568,24.76566909
Five Island Lake,,,5/11/2017,2017,2017,5,BMB,10200,10.58091286,11.85961618
Five Island Lake,,,5/12/2017,2017,2017,5,BMB,5300,5.497925311,6.162349585
Five Island Lake,,,5/2/2017,2017,2017,5,CAP,2200,2.282157676,2.557956432
Five Island Lake,,,5/9/2017,2017,2017,5,CAP,10100,10.47717842,11.74334544
Five Island Lake,,,5/11/2017,2017,2017,5,CAP,14700,15.24896266,17.09179979
Five Island Lake,,,5/12/2017,2017,2017,5,CAP,11800,12.2406639,13.71994813
Five Island Lake,,,5/15/2018,2018,2018,5,BMB,11355,11.77904564,13.20254331
Five Island Lake,,,5/21/2018,2018,2018,5,BMB,3300,3.423236515,3.836934647
Five Island Lake,,,5/29/2018,2018,2018,5,BMB,185,0.191908714,0.215100882
Five Island Lake,,,5/15/2018,2018,2018,5,CAP,9779,10.14419087,11.37011634
Five Island Lake,,,5/21/2018,2018,2018,5,CAP,1100,1.141078838,1.278978216
Five Island Lake,,,5/29/2018,2018,2018,5,CAP,1934,2.006224066,2.248676245
Five Island Lake,,,10/8/2018,2019,2018,10,BMB,100,0.10373444,0.116270747
Five Island Lake,,,10/9/2018,2019,2018,10,BMB,2000,2.074688797,2.325414938
Five Island Lake,,,10/8/2018,2019,2018,10,CAP,100,0.10373444,0.116270747
Five Island Lake,,,10/9/2018,2019,2018,10,CAP,3000,3.112033195,3.488122407
Five Island Lake,,,2/4/2019,2019,2019,2,BMB,131600,136.5145228,153.0123029
Five Island Lake,,,2/4/2019,2019,2019,2,CAP,6200,6.43153527,7.208786307
Five Island Lake,,,4/8/2019,2019,2019,4,BMB,26300,27.28215768,30.57920643
Five Island Lake,,,4/9/2019,2019,2019,4,BMB,200,0.20746888,0.232541494
Five Island Lake,,,4/8/2019,2019,2019,4,CAP,2400,2.489626556,2.790497925
Five Island Lake,,,4/9/2019,2019,2019,4,CAP,4800,4.979253112,5.580995851
High Lake,,,9/21/1999,1999,1999,9,BMB,1300,2.78372591,3.120139186
High Lake,,,9/21/1999,1999,1999,9,CAP,7100,15.20342612,17.04076017
High Lake,,,11/30/1999,2000,1999,11,BMB,4960,10.62098501,11.90453105
High Lake,,,11/30/1999,2000,1999,11,CAP,8100,17.34475375,19.44086724
High Lake,,,9/19/2000,2000,2000,9,BMB,9592,20.53961456,23.02182698
High Lake,,,9/19/2000,2000,2000,9,CAP,8560,18.32976445,20.54491649
High Lake,,,11/6/2000,2001,2000,11,BMB,8290,17.751606,19.89688758
High Lake,,,11/6/2000,2001,2000,11,CAP,12600,26.98072805,30.24134904
High Lake,,,10/29/2003,2004,2003,10,BMB,15400,32.9764454,36.96164882
High Lake,,,10/29/2003,2004,2003,10,CAP,450,0.96359743,1.08004818
High Lake,,,10/26/2004,2005,2004,10,BMB,30,0.064239829,0.072003212
High Lake,,,10/27/2004,2005,2004,10,BMB,110,0.235546039,0.264011777
High Lake,,,10/26/2004,2005,2004,10,CAP,20,0.042826552,0.048002141
High Lake,,,10/27/2004,2005,2004,10,CAP,30,0.064239829,0.072003212
High Lake,,,10/5/2005,2006,2005,10,BMB,6600,14.13276231,15.84070664
High Lake,,,10/6/2005,2006,2005,10,BMB,700,1.498929336,1.680074946
High Lake,,,10/17/2005,2006,2005,10,BMB,400,0.856531049,0.960042827
High Lake,,,10/18/2005,2006,2005,10,BMB,95,0.203426124,0.228010171
High Lake,,,10/5/2005,2006,2005,10,CAP,12400,26.55246253,29.76132762
High Lake,,,10/6/2005,2006,2005,10,CAP,7500,16.05995717,18.000803
High Lake,,,10/17/2005,2006,2005,10,CAP,4945,10.5888651,11.86852944
High Lake,,,10/18/2005,2006,2005,10,CAP,570,1.220556745,1.368061028
High Lake,,,11/7/2005,2006,2005,11,BMB,1950,4.175588865,4.680208779
High Lake,,,11/7/2005,2006,2005,11,CAP,1200,2.569593148,2.88012848
High Lake,,,5/18/2006,2006,2006,5,BMB,3000,6.423982869,7.200321199
High Lake,,,5/18/2006,2006,2006,5,CAP,4500,9.635974304,10.8004818
High Lake,,,9/27/2006,2006,2006,9,BMB,5400,11.56316916,12.96057816
High Lake,,,9/27/2006,2006,2006,9,CAP,7000,14.98929336,16.80074946
High Lake,,,4/16/2007,2007,2007,4,BMB,36000,77.08779443,86.40385439
High Lake,,,4/16/2007,2007,2007,4,CAP,17000,36.40256959,40.80182013
High Lake,,,4/15/2009,2009,2009,4,BMB,15200,32.54817987,36.48162741
High Lake,,,4/21/2009,2009,2009,4,BMB,14100,30.19271949,33.84150964
High Lake,,,4/29/2009,2009,2009,4,BMB,5600,11.99143469,13.44059957
High Lake,,,4/15/2009,2009,2009,4,CAP,55600,119.0578158,133.4459529
High Lake,,,4/21/2009,2009,2009,4,CAP,27900,59.74304069,66.96298715
High Lake,,,4/29/2009,2009,2009,4,CAP,18200,38.97216274,43.68194861
High Lake,,,5/19/2011,2011,2011,5,BMB,1800,3.854389722,4.320192719
High Lake,,,5/19/2011,2011,2011,5,CAP,4600,9.850107066,11.04049251
High Lake,,,4/10/2012,2012,2012,4,BMB,6000,12.84796574,14.4006424
High Lake,,,4/12/2012,2012,2012,4,BMB,3200,6.852248394,7.680342612
High Lake,,,4/10/2012,2012,2012,4,CAP,37600,80.51391863,90.2440257
High Lake,,,4/12/2012,2012,2012,4,CAP,17600,37.68736617,42.24188437
High Lake,,,4/16/2013,2013,2013,4,BMB,10500,22.48394004,25.2011242
High Lake,,,4/16/2013,2013,2013,4,CAP,1800,3.854389722,4.320192719
High Lake,,,5/13/2013,2013,2013,5,BMB,13000,27.8372591,31.20139186
High Lake,,,5/13/2013,2013,2013,5,BMB,13000,27.8372591,31.20139186
High Lake,,,5/15/2013,2013,2013,5,BMB,3000,6.423982869,7.200321199
High Lake,,,5/13/2013,2013,2013,5,CAP,950,2.034261242,2.280101713
High Lake,,,5/13/2013,2013,2013,5,CAP,950,2.034261242,2.280101713
High Lake,,,5/15/2013,2013,2013,5,CAP,300,0.642398287,0.72003212
High Lake,,,9/24/2013,2013,2013,9,BMB,20000,42.82655246,48.00214133
High Lake,,,10/7/2013,2014,2013,10,BMB,25000,53.53319058,60.00267666
High Lake,,,10/14/2013,2014,2013,10,BMB,350,0.749464668,0.840037473
High Lake,,,10/15/2013,2014,2013,10,BMB,3950,8.458244111,9.480422912
High Lake,,,10/7/2013,2014,2013,10,CAP,150,0.321199143,0.36001606
High Lake,,,10/14/2013,2014,2013,10,CAP,50,0.107066381,0.120005353
High Lake,,,10/15/2013,2014,2013,10,CAP,850,1.82012848,2.040091006
High Lake,,,9/11/2015,2015,2015,9,BMB,14975,32.06638116,35.94160332
High Lake,,,9/12/2015,2015,2015,9,BMB,13200,28.26552463,31.68141328
High Lake,,,9/11/2015,2015,2015,9,CAP,11470,24.56102784,27.52922805
High Lake,,,9/12/2015,2015,2015,9,CAP,3200,6.852248394,7.680342612
High Lake,,,10/4/2015,2016,2015,10,BMB,7050,15.09635974,16.92075482
High Lake,,,10/4/2015,2016,2015,10,CAP,2830,6.059957173,6.792302998
High Lake,,,5/9/2016,2016,2016,5,BMB,2667,5.710920771,6.401085546
High Lake,,,5/10/2016,2016,2016,5,BMB,2667,5.710920771,6.401085546
High Lake,,,5/11/2016,2016,2016,5,BMB,2667,5.710920771,6.401085546
High Lake,,,5/9/2016,2016,2016,5,CAP,334,0.715203426,0.80163576
High Lake,,,5/10/2016,2016,2016,5,CAP,334,0.715203426,0.80163576
High Lake,,,5/11/2016,2016,2016,5,CAP,334,0.715203426,0.80163576
High Lake,,,9/12/2016,2016,2016,9,BMB,3000,6.423982869,7.200321199
High Lake,,,9/14/2016,2016,2016,9,BMB,3000,6.423982869,7.200321199
High Lake,,,9/12/2016,2016,2016,9,CAP,21000,44.96788009,50.40224839
High Lake,,,9/14/2016,2016,2016,9,CAP,21000,44.96788009,50.40224839
High Lake,,,10/6/2018,2019,2018,10,BMB,24700,52.89079229,59.28264454
High Lake,,,10/10/2018,2019,2018,10,BMB,400,0.856531049,0.960042827
High Lake,,,10/24/2018,2019,2018,10,BMB,6462,13.8372591,15.50949186
High Lake,,,10/6/2018,2019,2018,10,CAP,2300,4.925053533,5.520246253
High Lake,,,10/10/2018,2019,2018,10,CAP,2590,5.546038544,6.216277302
High Lake,,,10/24/2018,2019,2018,10,CAP,1040,2.226980728,2.496111349
High Lake,,,1/5/2019,2019,2019,1,BMB,10200,21.84154176,24.48109208
High Lake,,,1/6/2019,2019,2019,1,BMB,2900,6.209850107,6.960310493
High Lake,,,1/5/2019,2019,2019,1,CAP,10600,22.69807281,25.4411349
High Lake,,,1/6/2019,2019,2019,1,CAP,6100,13.0620985,14.6406531
High Lake,,,2/18/2019,2019,2019,2,BMB,100,0.214132762,0.240010707
High Lake,,,2/18/2019,2019,2019,2,CAP,100,0.214132762,0.240010707
High Lake,,,4/5/2019,2019,2019,4,BMB,150,0.321199143,0.36001606
High Lake,,,4/5/2019,2019,2019,4,CAP,8200,17.55888651,19.68087794
High Lake,,,9/24/2019,2019,2019,9,BMB,2500,5.353319058,6.000267666
High Lake,,,9/25/2019,2019,2019,9,BMB,13200,28.26552463,31.68141328
High Lake,,,9/24/2019,2019,2019,9,CAP,4100,8.779443255,9.840438972
High Lake,,,9/25/2019,2019,2019,9,CAP,1800,3.854389722,4.320192719
Ingham Lake,,,4/13/1999,1999,1999,4,BMB,4500,12.16216216,13.63195946
Ingham Lake,,,4/13/1999,1999,1999,4,CAP,4700,12.7027027,14.23782432
Ingham Lake,,,10/19/1999,2000,1999,10,BMB,6250,16.89189189,18.93327703
Ingham Lake,,,10/20/1999,2000,1999,10,BMB,10050,27.16216216,30.44470946
Ingham Lake,,,10/19/1999,2000,1999,10,CAP,6400,17.2972973,19.38767568
Ingham Lake,,,10/20/1999,2000,1999,10,CAP,26450,71.48648649,80.12562838
Ingham Lake,,,11/3/1999,2000,1999,11,BMB,19600,52.97297297,59.37475676
Ingham Lake,,,11/3/1999,2000,1999,11,CAP,28300,76.48648649,85.72987838
Ingham Lake,,,12/1/1999,2000,1999,12,BMB,4315,11.66216216,13.07153446
Ingham Lake,,,12/1/1999,2000,1999,12,CAP,33200,89.72972973,100.5735676
Ingham Lake,,,10/16/2000,2001,2000,10,BMB,2890,7.810810811,8.754747297
Ingham Lake,,,10/16/2000,2001,2000,10,CAP,2400,6.486486486,7.270378378
Ingham Lake,,,10/2/2001,2002,2001,10,BMB,1950,5.27027027,5.907182432
Ingham Lake,,,10/2/2001,2002,2001,10,CAP,400,1.081081081,1.21172973
Ingham Lake,,,10/1/2002,2003,2002,10,BMB,750,2.027027027,2.271993243
Ingham Lake,,,10/2/2002,2003,2002,10,BMB,12150,32.83783784,36.80629054
Ingham Lake,,,10/3/2002,2003,2002,10,BMB,4000,10.81081081,12.1172973
Ingham Lake,,,10/1/2002,2003,2002,10,CAP,25,0.067567568,0.075733108
Ingham Lake,,,10/2/2002,2003,2002,10,CAP,500,1.351351351,1.514662162
Ingham Lake,,,10/3/2002,2003,2002,10,CAP,150,0.405405405,0.454398649
Ingham Lake,,,11/5/2002,2003,2002,11,BMB,6300,17.02702703,19.08474324
Ingham Lake,,,11/6/2002,2003,2002,11,BMB,12600,34.05405405,38.16948649
Ingham Lake,,,11/5/2002,2003,2002,11,CAP,45,0.121621622,0.136319595
Ingham Lake,,,11/6/2002,2003,2002,11,CAP,75,0.202702703,0.227199324
Ingham Lake,,,9/11/2003,2003,2003,9,BMB,24020,64.91891892,72.76437027
Ingham Lake,,,9/23/2003,2003,2003,9,BMB,700,1.891891892,2.120527027
Ingham Lake,,,9/11/2003,2003,2003,9,CAP,2590,7,7.84595
Ingham Lake,,,9/23/2003,2003,2003,9,CAP,50,0.135135135,0.151466216
Ingham Lake,,,10/9/2003,2004,2003,10,BMB,125,0.337837838,0.378665541
Ingham Lake,,,10/9/2003,2004,2003,10,CAP,900,2.432432432,2.726391892
Ingham Lake,,,11/1/2003,2004,2003,11,BMB,2300,6.216216216,6.967445946
Ingham Lake,,,11/2/2003,2004,2003,11,BMB,400,1.081081081,1.21172973
Ingham Lake,,,11/1/2003,2004,2003,11,CAP,20,0.054054054,0.060586486
Ingham Lake,,,11/2/2003,2004,2003,11,CAP,25,0.067567568,0.075733108
Ingham Lake,,,4/27/2004,2004,2004,4,BMB,6500,17.56756757,19.69060811
Ingham Lake,,,4/28/2004,2004,2004,4,BMB,4850,13.10810811,14.69222297
Ingham Lake,,,4/27/2004,2004,2004,4,CAP,700,1.891891892,2.120527027
Ingham Lake,,,4/28/2004,2004,2004,4,CAP,500,1.351351351,1.514662162
Ingham Lake,,,5/6/2004,2004,2004,5,BMB,1500,4.054054054,4.543986486
Ingham Lake,,,5/6/2004,2004,2004,5,CAP,300,0.810810811,0.908797297
Ingham Lake,,,6/1/2005,2005,2005,6,BMB,12700,34.32432432,38.47241892
Ingham Lake,,,6/6/2005,2005,2005,6,BMB,5400,14.59459459,16.35835135
Ingham Lake,,,6/1/2005,2005,2005,6,CAP,8200,22.16216216,24.84045946
Ingham Lake,,,6/6/2005,2005,2005,6,CAP,7600,20.54054054,23.02286486
Ingham Lake,,,5/10/2006,2006,2006,5,BMB,4700,12.7027027,14.23782432
Ingham Lake,,,5/10/2006,2006,2006,5,CAP,8500,22.97297297,25.74925676
Ingham Lake,,,4/2/2007,2007,2007,4,BMB,31600,85.40540541,95.72664865
Ingham Lake,,,4/2/2007,2007,2007,4,CAP,13500,36.48648649,40.89587838
Ingham Lake,,,9/5/2008,2008,2008,9,BMB,1575,4.256756757,4.771185811
Ingham Lake,,,9/5/2008,2008,2008,9,CAP,425,1.148648649,1.287462838
Ingham Lake,,,10/2/2008,2009,2008,10,BMB,4500,12.16216216,13.63195946
Ingham Lake,,,10/25/2008,2009,2008,10,BMB,850,2.297297297,2.574925676
Ingham Lake,,,10/2/2008,2009,2008,10,CAP,3550,9.594594595,10.75410135
Ingham Lake,,,10/25/2008,2009,2008,10,CAP,6850,18.51351351,20.75087162
Ingham Lake,,,10/26/2009,2010,2009,10,BMB,8611,23.27297297,26.08551176
Ingham Lake,,,10/27/2009,2010,2009,10,BMB,13839,37.4027027,41.92281932
Ingham Lake,,,10/26/2009,2010,2009,10,CAP,11345,30.66216216,34.36768446
Ingham Lake,,,10/27/2009,2010,2009,10,CAP,8775,23.71621622,26.58232095
Ingham Lake,,,9/21/2010,2010,2010,9,BMB,5150,13.91891892,15.60102027
Ingham Lake,,,9/21/2010,2010,2010,9,CAP,785,2.121621622,2.378019595
Ingham Lake,,,10/9/2010,2011,2010,10,BMB,3550,9.594594595,10.75410135
Ingham Lake,,,10/9/2010,2011,2010,10,CAP,300,0.810810811,0.908797297
Ingham Lake,,,9/20/2011,2011,2011,9,BMB,2440,6.594594595,7.391551351
Ingham Lake,,,9/20/2011,2011,2011,9,CAP,850,2.297297297,2.574925676
Ingham Lake,,,10/8/2011,2012,2011,10,BMB,2840,7.675675676,8.603281081
Ingham Lake,,,10/8/2011,2012,2011,10,BMB,12430,33.59459459,37.65450135
Ingham Lake,,,10/8/2011,2012,2011,10,CAP,240,0.648648649,0.727037838
Ingham Lake,,,10/8/2011,2012,2011,10,CAP,410,1.108108108,1.242022973
Ingham Lake,,,11/10/2012,2013,2012,11,BMB,11400,30.81081081,34.5342973
Ingham Lake,,,11/11/2012,2013,2012,11,BMB,14400,38.91891892,43.62227027
Ingham Lake,,,11/13/2012,2013,2012,11,BMB,4900,13.24324324,14.84368919
Ingham Lake,,,11/10/2012,2013,2012,11,CAP,4350,11.75675676,13.17756081
Ingham Lake,,,11/11/2012,2013,2012,11,CAP,3750,10.13513514,11.35996622
Ingham Lake,,,11/13/2012,2013,2012,11,CAP,10285,27.7972973,31.15660068
Ingham Lake,,,9/15/2013,2013,2013,9,BMB,3850,10.40540541,11.66289865
Ingham Lake,,,9/15/2013,2013,2013,9,CAP,3500,9.459459459,10.60263514
Ingham Lake,,,9/27/2014,2014,2014,9,BMB,37070,100.1891892,112.2970527
Ingham Lake,,,9/27/2014,2014,2014,9,CAP,1970,5.324324324,5.967768919
Ingham Lake,,,10/5/2014,2015,2014,10,BMB,15100,40.81081081,45.7427973
Ingham Lake,,,10/5/2014,2015,2014,10,CAP,2414,6.524324324,7.312788919
Ingham Lake,,,10/2/2015,2016,2015,10,BMB,14200,38.37837838,43.01640541
Ingham Lake,,,10/3/2015,2016,2015,10,BMB,12550,33.91891892,38.01802027
Ingham Lake,,,10/2/2015,2016,2015,10,CAP,1480,4,4.4834
Ingham Lake,,,10/3/2015,2016,2015,10,CAP,2450,6.621621622,7.421844595
Ingham Lake,,,10/16/2016,2017,2016,10,BMB,12360,33.40540541,37.44244865
Ingham Lake,,,10/17/2016,2017,2016,10,BMB,6750,18.24324324,20.44793919
Ingham Lake,,,10/31/2016,2017,2016,10,BMB,2175,5.878378378,6.588780405
Ingham Lake,,,10/16/2016,2017,2016,10,CAP,685,1.851351351,2.075087162
Ingham Lake,,,10/17/2016,2017,2016,10,CAP,800,2.162162162,2.423459459
Ingham Lake,,,10/31/2016,2017,2016,10,CAP,1050,2.837837838,3.180790541
Ingham Lake,,,11/1/2016,2017,2016,11,BMB,18140,49.02702703,54.95194324
Ingham Lake,,,11/1/2016,2017,2016,11,CAP,169,0.456756757,0.511955811
Ingham Lake,,,4/25/2017,2017,2017,4,BMB,600,1.621621622,1.817594595
Ingham Lake,,,4/25/2017,2017,2017,4,CAP,850,2.297297297,2.574925676
Ingham Lake,,,5/8/2017,2017,2017,5,BMB,2200,5.945945946,6.664513514
Ingham Lake,,,5/8/2017,2017,2017,5,CAP,2500,6.756756757,7.573310811
Ingham Lake,,,5/22/2018,2018,2018,5,BMB,4300,11.62162162,13.02609459
Ingham Lake,,,5/30/2018,2018,2018,5,BMB,3800,10.27027027,11.51143243
Ingham Lake,,,5/22/2018,2018,2018,5,CAP,11200,30.27027027,33.92843243
Ingham Lake,,,5/30/2018,2018,2018,5,CAP,18200,49.18918919,55.1337027
Ingham Lake,,,6/3/2018,2018,2018,6,BMB,7200,19.45945946,21.81113514
Ingham Lake,,,6/3/2018,2018,2018,6,CAP,12650,34.18918919,38.3209527
Ingham Lake,,,9/25/2018,2018,2018,9,BMB,7100,19.18918919,21.5082027
Ingham Lake,,,9/27/2018,2018,2018,9,BMB,50,0.135135135,0.151466216
Ingham Lake,,,9/25/2018,2018,2018,9,CAP,8500,22.97297297,25.74925676
Ingham Lake,,,9/27/2018,2018,2018,9,CAP,100,0.27027027,0.302932432
Ingham Lake,,,10/2/2018,2019,2018,10,BMB,2700,7.297297297,8.179175676
Ingham Lake,,,10/3/2018,2019,2018,10,BMB,1600,4.324324324,4.846918919
Ingham Lake,,,10/4/2018,2019,2018,10,BMB,2900,7.837837838,8.785040541
Ingham Lake,,,10/2/2018,2019,2018,10,CAP,3200,8.648648649,9.693837838
Ingham Lake,,,10/3/2018,2019,2018,10,CAP,3800,10.27027027,11.51143243
Ingham Lake,,,10/4/2018,2019,2018,10,CAP,3400,9.189189189,10.2997027
Ingham Lake,,,1/7/2019,2019,2019,1,BMB,6900,18.64864865,20.90233784
Ingham Lake,,,1/10/2019,2019,2019,1,BMB,43500,117.5675676,131.7756081
Ingham Lake,,,1/16/2019,2019,2019,1,BMB,100,0.27027027,0.302932432
Ingham Lake,,,1/17/2019,2019,2019,1,BMB,2900,7.837837838,8.785040541
Ingham Lake,,,1/26/2019,2019,2019,1,BMB,100,0.27027027,0.302932432
Ingham Lake,,,1/7/2019,2019,2019,1,CAP,3200,8.648648649,9.693837838
Ingham Lake,,,1/10/2019,2019,2019,1,CAP,41000,110.8108108,124.2022973
Ingham Lake,,,1/16/2019,2019,2019,1,CAP,200,0.540540541,0.605864865
Ingham Lake,,,1/17/2019,2019,2019,1,CAP,1800,4.864864865,5.452783784
Ingham Lake,,,1/26/2019,2019,2019,1,CAP,100,0.27027027,0.302932432
Ingham Lake,,,9/30/2019,2019,2019,9,BMB,5800,15.67567568,17.57008108
Ingham Lake,,,9/30/2019,2019,2019,9,CAP,700,1.891891892,2.120527027
Ingham Lake,,,10/2/2019,2020,2019,10,BMB,1200,3.243243243,3.635189189
Ingham Lake,,,10/7/2019,2020,2019,10,BMB,13300,35.94594595,40.29001351
Ingham Lake,,,10/8/2019,2020,2019,10,BMB,7100,19.18918919,21.5082027
Ingham Lake,,,10/9/2019,2020,2019,10,BMB,4100,11.08108108,12.42022973
Ingham Lake,,,10/25/2019,2020,2019,10,BMB,300,0.810810811,0.908797297
Ingham Lake,,,10/2/2019,2020,2019,10,CAP,300,0.810810811,0.908797297
Ingham Lake,,,10/7/2019,2020,2019,10,CAP,400,1.081081081,1.21172973
Ingham Lake,,,10/8/2019,2020,2019,10,CAP,200,0.540540541,0.605864865
Ingham Lake,,,10/9/2019,2020,2019,10,CAP,3700,10,11.2085
Ingham Lake,,,10/25/2019,2020,2019,10,CAP,100,0.27027027,0.302932432
Lost Island Lake,,,4/20/1999,1999,1999,4,BMB,1100,0.946643718,1.061045611
Lost Island Lake,,,4/21/1999,1999,1999,4,BMB,1800,1.549053356,1.736256454
Lost Island Lake,,,4/26/1999,1999,1999,4,BMB,4300,3.700516351,4.147723752
Lost Island Lake,,,4/28/1999,1999,1999,4,BMB,7700,6.626506024,7.427319277
Lost Island Lake,,,4/29/1999,1999,1999,4,BMB,1500,1.290877797,1.446880379
Lost Island Lake,,,4/20/1999,1999,1999,4,CAP,1900,1.635111876,1.832715146
Lost Island Lake,,,4/21/1999,1999,1999,4,CAP,2100,1.807228916,2.02563253
Lost Island Lake,,,4/26/1999,1999,1999,4,CAP,23900,20.56798623,23.05362737
Lost Island Lake,,,4/28/1999,1999,1999,4,CAP,19250,16.56626506,18.56829819
Lost Island Lake,,,4/29/1999,1999,1999,4,CAP,8300,7.142857143,8.006071429
Lost Island Lake,,,5/3/1999,1999,1999,5,BMB,2100,1.807228916,2.02563253
Lost Island Lake,,,5/11/1999,1999,1999,5,BMB,12400,10.67125645,11.9608778
Lost Island Lake,,,5/14/1999,1999,1999,5,BMB,3400,2.925989673,3.279595525
Lost Island Lake,,,5/17/1999,1999,1999,5,BMB,5600,4.819277108,5.401686747
Lost Island Lake,,,5/19/1999,1999,1999,5,BMB,2400,2.065404475,2.315008606
Lost Island Lake,,,5/24/1999,1999,1999,5,BMB,200,0.17211704,0.192917384
Lost Island Lake,,,5/26/1999,1999,1999,5,BMB,1550,1.333907057,1.495109725
Lost Island Lake,,,5/27/1999,1999,1999,5,BMB,2300,1.979345955,2.218549914
Lost Island Lake,,,5/3/1999,1999,1999,5,CAP,7200,6.196213425,6.945025818
Lost Island Lake,,,5/11/1999,1999,1999,5,CAP,56700,48.79518072,54.69207831
Lost Island Lake,,,5/14/1999,1999,1999,5,CAP,14750,12.69363167,14.22765706
Lost Island Lake,,,5/17/1999,1999,1999,5,CAP,26100,22.46127367,25.17571859
Lost Island Lake,,,5/19/1999,1999,1999,5,CAP,12500,10.75731497,12.05733649
Lost Island Lake,,,5/24/1999,1999,1999,5,CAP,1500,1.290877797,1.446880379
Lost Island Lake,,,5/26/1999,1999,1999,5,CAP,3900,3.356282272,3.761888985
Lost Island Lake,,,5/27/1999,1999,1999,5,CAP,12030,10.35283993,11.60398064
Lost Island Lake,,,10/15/1999,2000,1999,10,CAP,4100,3.528399312,3.954806368
Lost Island Lake,,,6/1/2000,2000,2000,6,BMB,500,0.430292599,0.48229346
Lost Island Lake,,,6/2/2000,2000,2000,6,BMB,100,0.08605852,0.096458692
Lost Island Lake,,,6/5/2000,2000,2000,6,BMB,1500,1.290877797,1.446880379
Lost Island Lake,,,6/6/2000,2000,2000,6,BMB,1200,1.032702238,1.157504303
Lost Island Lake,,,6/7/2000,2000,2000,6,BMB,400,0.344234079,0.385834768
Lost Island Lake,,,6/8/2000,2000,2000,6,BMB,2700,2.323580034,2.604384682
Lost Island Lake,,,6/12/2000,2000,2000,6,BMB,1200,1.032702238,1.157504303
Lost Island Lake,,,6/1/2000,2000,2000,6,CAP,6500,5.593803787,6.269814974
Lost Island Lake,,,6/2/2000,2000,2000,6,CAP,1100,0.946643718,1.061045611
Lost Island Lake,,,6/5/2000,2000,2000,6,CAP,4700,4.04475043,4.53355852
Lost Island Lake,,,6/6/2000,2000,2000,6,CAP,11900,10.24096386,11.47858434
Lost Island Lake,,,6/7/2000,2000,2000,6,CAP,7200,6.196213425,6.945025818
Lost Island Lake,,,6/8/2000,2000,2000,6,CAP,13800,11.87607573,13.31129948
Lost Island Lake,,,6/12/2000,2000,2000,6,CAP,5100,4.388984509,4.919393287
Lost Island Lake,,,10/10/2000,2001,2000,10,BMB,450,0.387263339,0.434064114
Lost Island Lake,,,10/31/2000,2001,2000,10,BMB,200,0.17211704,0.192917384
Lost Island Lake,,,10/10/2000,2001,2000,10,CAP,3100,2.667814114,2.990219449
Lost Island Lake,,,10/31/2000,2001,2000,10,CAP,2300,1.979345955,2.218549914
Lost Island Lake,,,5/15/2001,2001,2001,5,BMB,26000,22.37521515,25.0792599
Lost Island Lake,,,5/16/2001,2001,2001,5,BMB,3000,2.581755594,2.893760757
Lost Island Lake,,,5/18/2001,2001,2001,5,BMB,7700,6.626506024,7.427319277
Lost Island Lake,,,5/24/2001,2001,2001,5,BMB,100,0.08605852,0.096458692
Lost Island Lake,,,5/30/2001,2001,2001,5,BMB,1500,1.290877797,1.446880379
Lost Island Lake,,,5/31/2001,2001,2001,5,BMB,5100,4.388984509,4.919393287
Lost Island Lake,,,5/15/2001,2001,2001,5,CAP,900,0.774526678,0.868128227
Lost Island Lake,,,5/16/2001,2001,2001,5,CAP,700,0.602409639,0.675210843
Lost Island Lake,,,5/18/2001,2001,2001,5,CAP,300,0.258175559,0.289376076
Lost Island Lake,,,5/24/2001,2001,2001,5,CAP,350,0.301204819,0.337605422
Lost Island Lake,,,5/30/2001,2001,2001,5,CAP,250,0.215146299,0.24114673
Lost Island Lake,,,5/31/2001,2001,2001,5,CAP,400,0.344234079,0.385834768
Lost Island Lake,,,6/4/2001,2001,2001,6,BMB,3700,3.184165232,3.568971601
Lost Island Lake,,,6/5/2001,2001,2001,6,BMB,4000,3.442340792,3.858347676
Lost Island Lake,,,6/6/2001,2001,2001,6,BMB,4550,3.915662651,4.388870482
Lost Island Lake,,,6/7/2001,2001,2001,6,BMB,4100,3.528399312,3.954806368
Lost Island Lake,,,6/4/2001,2001,2001,6,CAP,200,0.17211704,0.192917384
Lost Island Lake,,,6/5/2001,2001,2001,6,CAP,400,0.344234079,0.385834768
Lost Island Lake,,,6/6/2001,2001,2001,6,CAP,450,0.387263339,0.434064114
Lost Island Lake,,,6/7/2001,2001,2001,6,CAP,450,0.387263339,0.434064114
Lost Island Lake,,,10/10/2001,2002,2001,10,BMB,100,0.08605852,0.096458692
Lost Island Lake,,,10/23/2001,2002,2001,10,BMB,2500,2.151462995,2.411467298
Lost Island Lake,,,10/24/2001,2002,2001,10,BMB,250,0.215146299,0.24114673
Lost Island Lake,,,10/10/2001,2002,2001,10,CAP,4500,3.872633391,4.340641136
Lost Island Lake,,,10/23/2001,2002,2001,10,CAP,1250,1.075731497,1.205733649
Lost Island Lake,,,10/24/2001,2002,2001,10,CAP,3400,2.925989673,3.279595525
Lost Island Lake,,,5/7/2002,2002,2002,5,BMB,1200,1.032702238,1.157504303
Lost Island Lake,,,5/15/2002,2002,2002,5,BMB,400,0.344234079,0.385834768
Lost Island Lake,,,5/21/2002,2002,2002,5,BMB,450,0.387263339,0.434064114
Lost Island Lake,,,5/23/2002,2002,2002,5,BMB,700,0.602409639,0.675210843
Lost Island Lake,,,5/7/2002,2002,2002,5,CAP,4100,3.528399312,3.954806368
Lost Island Lake,,,5/15/2002,2002,2002,5,CAP,15700,13.51118761,15.14401463
Lost Island Lake,,,5/21/2002,2002,2002,5,CAP,2700,2.323580034,2.604384682
Lost Island Lake,,,5/23/2002,2002,2002,5,CAP,4400,3.786574871,4.244182444
Lost Island Lake,,,10/9/2002,2003,2002,10,BMB,400,0.344234079,0.385834768
Lost Island Lake,,,10/9/2002,2003,2002,10,CAP,11900,10.24096386,11.47858434
Lost Island Lake,,,4/23/2003,2003,2003,4,BMB,11300,9.724612737,10.89983219
Lost Island Lake,,,4/23/2003,2003,2003,4,CAP,12500,10.75731497,12.05733649
Lost Island Lake,,,5/7/2003,2003,2003,5,BMB,9550,8.21858864,9.211805077
Lost Island Lake,,,5/7/2003,2003,2003,5,CAP,33100,28.48537005,31.92782702
Lost Island Lake,,,5/12/2004,2004,2004,5,BMB,11500,9.896729776,11.09274957
Lost Island Lake,,,5/12/2004,2004,2004,5,CAP,28750,24.74182444,27.73187392
Lost Island Lake,,,2/25/2005,2005,2005,2,BMB,4200,3.614457831,4.05126506
Lost Island Lake,,,2/25/2005,2005,2005,2,CAP,6800,5.851979346,6.55919105
Lost Island Lake,,,6/2/2005,2005,2005,6,BMB,1100,0.946643718,1.061045611
Lost Island Lake,,,6/2/2005,2005,2005,6,CAP,4400,3.786574871,4.244182444
Lost Island Lake,,,5/2/2006,2006,2006,5,BMB,12600,10.84337349,12.15379518
Lost Island Lake,,,5/9/2006,2006,2006,5,BMB,800,0.688468158,0.771669535
Lost Island Lake,,,5/10/2006,2006,2006,5,BMB,1100,0.946643718,1.061045611
Lost Island Lake,,,5/16/2006,2006,2006,5,BMB,6000,5.163511188,5.787521515
Lost Island Lake,,,5/25/2006,2006,2006,5,BMB,300,0.258175559,0.289376076
Lost Island Lake,,,5/2/2006,2006,2006,5,CAP,41000,35.28399312,39.54806368
Lost Island Lake,,,5/9/2006,2006,2006,5,CAP,6000,5.163511188,5.787521515
Lost Island Lake,,,5/10/2006,2006,2006,5,CAP,1500,1.290877797,1.446880379
Lost Island Lake,,,5/16/2006,2006,2006,5,CAP,500,0.430292599,0.48229346
Lost Island Lake,,,5/25/2006,2006,2006,5,CAP,8500,7.314974182,8.198988812
Lost Island Lake,,,5/8/2008,2008,2008,5,BMB,38000,32.70223752,36.65430293
Lost Island Lake,,,5/13/2008,2008,2008,5,BMB,16500,14.19965577,15.91568417
Lost Island Lake,,,5/15/2008,2008,2008,5,BMB,11300,9.724612737,10.89983219
Lost Island Lake,,,5/19/2008,2008,2008,5,BMB,8500,7.314974182,8.198988812
Lost Island Lake,,,5/8/2008,2008,2008,5,CAP,41000,35.28399312,39.54806368
Lost Island Lake,,,5/13/2008,2008,2008,5,CAP,20100,17.29776248,19.38819707
Lost Island Lake,,,5/15/2008,2008,2008,5,CAP,26500,22.80550775,25.56155336
Lost Island Lake,,,5/19/2008,2008,2008,5,CAP,39600,34.07917384,38.197642
Lost Island Lake,,,4/28/2009,2009,2009,4,BMB,1600,1.376936317,1.543339071
Lost Island Lake,,,4/28/2009,2009,2009,4,CAP,13700,11.79001721,13.21484079
Lost Island Lake,,,5/5/2009,2009,2009,5,BMB,3500,3.012048193,3.376054217
Lost Island Lake,,,5/6/2009,2009,2009,5,BMB,16700,14.37177281,16.10860155
Lost Island Lake,,,5/11/2009,2009,2009,5,BMB,1500,1.290877797,1.446880379
Lost Island Lake,,,5/5/2009,2009,2009,5,CAP,28300,24.3545611,27.29780981
Lost Island Lake,,,5/6/2009,2009,2009,5,CAP,48900,42.08261618,47.16830034
Lost Island Lake,,,5/11/2009,2009,2009,5,CAP,13900,11.96213425,13.40775818
Lost Island Lake,,,3/10/2010,2010,2010,3,BMB,105779,91.03184165,102.0330397
Lost Island Lake,,,3/10/2010,2010,2010,3,CAP,73030,62.84853701,70.4437827
Lost Island Lake,,,4/21/2010,2010,2010,4,BMB,22300,19.19104991,21.5102883
Lost Island Lake,,,4/28/2010,2010,2010,4,BMB,4400,3.786574871,4.244182444
Lost Island Lake,,,4/29/2010,2010,2010,4,BMB,3500,3.012048193,3.376054217
Lost Island Lake,,,4/21/2010,2010,2010,4,CAP,24453,21.04388985,23.58704393
Lost Island Lake,,,4/28/2010,2010,2010,4,CAP,17494,15.05507745,16.87448356
Lost Island Lake,,,4/29/2010,2010,2010,4,CAP,44070,37.92598967,42.50934552
Lost Island Lake,,,5/25/2010,2010,2010,5,BMB,10200,8.777969019,9.838786575
Lost Island Lake,,,5/25/2010,2010,2010,5,CAP,38339,32.9939759,36.98129789
Lost Island Lake,,,10/11/2010,2011,2010,10,BMB,29400,25.30120482,28.35885542
Lost Island Lake,,,10/13/2010,2011,2010,10,BMB,18300,15.74870912,17.65194062
Lost Island Lake,,,10/14/2010,2011,2010,10,BMB,9400,8.089500861,9.06711704
Lost Island Lake,,,10/18/2010,2011,2010,10,BMB,3600,3.098106713,3.472512909
Lost Island Lake,,,10/19/2010,2011,2010,10,BMB,7100,6.110154905,6.848567126
Lost Island Lake,,,10/11/2010,2011,2010,10,CAP,48700,41.91049914,46.97538296
Lost Island Lake,,,10/13/2010,2011,2010,10,CAP,24200,20.82616179,23.34300344
Lost Island Lake,,,10/14/2010,2011,2010,10,CAP,36100,31.06712565,34.82158778
Lost Island Lake,,,10/18/2010,2011,2010,10,CAP,14500,12.47848537,13.98651033
Lost Island Lake,,,10/19/2010,2011,2010,10,CAP,5600,4.819277108,5.401686747
Lost Island Lake,,,1/5/2011,2011,2011,1,BMB,4300,3.700516351,4.147723752
Lost Island Lake,,,1/6/2011,2011,2011,1,BMB,132761,114.2521515,128.059524
Lost Island Lake,,,1/12/2011,2011,2011,1,BMB,2200,1.893287435,2.122091222
Lost Island Lake,,,1/5/2011,2011,2011,1,CAP,3900,3.356282272,3.761888985
Lost Island Lake,,,1/6/2011,2011,2011,1,CAP,98675,84.91824441,95.18061424
Lost Island Lake,,,1/12/2011,2011,2011,1,CAP,2800,2.409638554,2.700843373
Lost Island Lake,,,5/18/2011,2011,2011,5,BMB,20,0.017211704,0.019291738
Lost Island Lake,,,5/19/2011,2011,2011,5,BMB,1200,1.032702238,1.157504303
Lost Island Lake,,,5/18/2011,2011,2011,5,CAP,4300,3.700516351,4.147723752
Lost Island Lake,,,5/19/2011,2011,2011,5,CAP,4000,3.442340792,3.858347676
Lost Island Lake,,,11/12/2011,2012,2011,11,BMB,5715,4.918244406,5.512614243
Lost Island Lake,,,11/13/2011,2012,2011,11,BMB,38396,33.04302926,37.03627935
Lost Island Lake,,,11/19/2011,2012,2011,11,BMB,17320,14.90533563,16.70664544
Lost Island Lake,,,11/28/2011,2012,2011,11,BMB,24,0.020654045,0.023150086
Lost Island Lake,,,11/29/2011,2012,2011,11,BMB,601,0.517211704,0.579716738
Lost Island Lake,,,11/12/2011,2012,2011,11,CAP,6260,5.387263339,6.038314114
Lost Island Lake,,,11/13/2011,2012,2011,11,CAP,23536,20.25473322,22.70251773
Lost Island Lake,,,11/19/2011,2012,2011,11,CAP,5105,4.393287435,4.924216222
Lost Island Lake,,,11/28/2011,2012,2011,11,CAP,6,0.005163511,0.005787522
Lost Island Lake,,,11/29/2011,2012,2011,11,CAP,316,0.271944923,0.304809466
Lost Island Lake,,,3/26/2012,2012,2012,3,BMB,21,0.018072289,0.020256325
Lost Island Lake,,,3/28/2012,2012,2012,3,BMB,125,0.10757315,0.120573365
Lost Island Lake,,,3/29/2012,2012,2012,3,BMB,440,0.378657487,0.424418244
Lost Island Lake,,,3/30/2012,2012,2012,3,BMB,250,0.215146299,0.24114673
Lost Island Lake,,,3/26/2012,2012,2012,3,CAP,33,0.028399312,0.031831368
Lost Island Lake,,,3/28/2012,2012,2012,3,CAP,1192,1.025817556,1.149787608
Lost Island Lake,,,3/29/2012,2012,2012,3,CAP,850,0.731497418,0.819898881
Lost Island Lake,,,3/30/2012,2012,2012,3,CAP,900,0.774526678,0.868128227
Lost Island Lake,,,5/5/2012,2012,2012,5,BMB,16934,14.57314974,16.33431489
Lost Island Lake,,,5/5/2012,2012,2012,5,CAP,27982,24.08089501,26.99107117
Lost Island Lake,,,11/9/2012,2013,2012,11,BMB,575,0.494836489,0.554637478
Lost Island Lake,,,11/9/2012,2013,2012,11,CAP,720,0.619621343,0.694502582
Lost Island Lake,,,6/3/2013,2013,2013,6,BMB,150,0.12908778,0.144688038
Lost Island Lake,,,6/3/2013,2013,2013,6,CAP,3000,2.581755594,2.893760757
Lost Island Lake,,,10/28/2013,2014,2013,10,BMB,50,0.04302926,0.048229346
Lost Island Lake,,,10/28/2013,2014,2013,10,CAP,50,0.04302926,0.048229346
Lost Island Lake,,,5/10/2014,2014,2014,5,BMB,5240,4.509466437,5.054435456
Lost Island Lake,,,5/19/2014,2014,2014,5,BMB,611,0.525817556,0.589362608
Lost Island Lake,,,5/20/2014,2014,2014,5,BMB,1000,0.860585198,0.964586919
Lost Island Lake,,,5/10/2014,2014,2014,5,CAP,12685,10.91652324,12.23578507
Lost Island Lake,,,5/19/2014,2014,2014,5,CAP,4606,3.963855422,4.442887349
Lost Island Lake,,,5/20/2014,2014,2014,5,CAP,1260,1.084337349,1.215379518
Lost Island Lake,,,5/4/2015,2015,2015,5,BMB,18815,16.1919105,18.14870288
Lost Island Lake,,,5/4/2015,2015,2015,5,CAP,1285,1.105851979,1.239494191
Lost Island Lake,,,10/17/2015,2016,2015,10,BMB,1450,1.247848537,1.398651033
Lost Island Lake,,,10/20/2015,2016,2015,10,BMB,340,0.292598967,0.327959552
Lost Island Lake,,,10/17/2015,2016,2015,10,CAP,200,0.17211704,0.192917384
Lost Island Lake,,,10/20/2015,2016,2015,10,CAP,340,0.292598967,0.327959552
Lost Island Lake,,,5/8/2016,2016,2016,5,BMB,15661,13.47762478,15.10639574
Lost Island Lake,,,5/8/2016,2016,2016,5,CAP,14540,12.51290878,14.0250938
Lost Island Lake,,,11/12/2016,2017,2016,11,BMB,11,0.009466437,0.010610456
Lost Island Lake,,,11/14/2016,2017,2016,11,BMB,300,0.258175559,0.289376076
Lost Island Lake,,,11/13/2016,2017,2016,11,BMB,337,0.290017212,0.325065792
Lost Island Lake,,,11/13/2016,2017,2016,11,CAP,404,0.34767642,0.389693115
Lost Island Lake,,,11/12/2016,2017,2016,11,CAP,21,0.018072289,0.020256325
Lost Island Lake,,,11/14/2016,2017,2016,11,CAP,625,0.537865749,0.602866824
Lost Island Lake,,,5/7/2017,2017,2017,5,BMB,10900,9.380378657,10.51399742
Lost Island Lake,,,5/9/2017,2017,2017,5,BMB,3900,3.356282272,3.761888985
Lost Island Lake,,,5/7/2017,2017,2017,5,CAP,9600,8.2616179,9.260034423
Lost Island Lake,,,5/9/2017,2017,2017,5,CAP,1700,1.462994836,1.639797762
Lost Island Lake,,,11/4/2017,2018,2017,11,BMB,12794,11.01032702,12.34092504
Lost Island Lake,,,11/5/2017,2018,2017,11,BMB,36,0.030981067,0.034725129
Lost Island Lake,,,11/4/2017,2018,2017,11,CAP,240,0.206540448,0.231500861
Lost Island Lake,,,11/5/2017,2018,2017,11,CAP,10,0.008605852,0.009645869
Lost Island Lake,,,5/6/2018,2018,2018,5,BMB,15215,13.09380379,14.67618997
Lost Island Lake,,,5/6/2018,2018,2018,5,CAP,3850,3.313253012,3.713659639
Silver Lake (Dickinson),,,11/3/1999,2000,1999,11,BMB,4010,3.885658915,4.355240795
Silver Lake (Dickinson),,,11/4/1999,2000,1999,11,BMB,6600,6.395348837,7.168226744
Silver Lake (Dickinson),,,11/3/1999,2000,1999,11,CAP,8180,7.926356589,8.884256783
Silver Lake (Dickinson),,,11/4/1999,2000,1999,11,CAP,4150,4.021317829,4.507294089
Silver Lake (Dickinson),,,11/13/2001,2002,2001,11,BMB,600,0.581395349,0.651656977
Silver Lake (Dickinson),,,11/13/2001,2002,2001,11,CAP,5000,4.84496124,5.430474806
Silver Lake (Dickinson),,,10/7/2002,2003,2002,10,BMB,1,0.000968992,0.001086095
Silver Lake (Dickinson),,,10/7/2002,2003,2002,10,CAP,18,0.01744186,0.019549709
Silver Lake (Dickinson),,,10/9/2002,2003,2002,10,CAP,400,0.387596899,0.434437984
Silver Lake (Dickinson),,,10/10/2002,2003,2002,10,CAP,300,0.290697674,0.325828488
Silver Lake (Dickinson),,,10/7/2003,2004,2003,10,BMB,2880,2.790697674,3.127953488
Silver Lake (Dickinson),,,10/7/2003,2004,2003,10,CAP,760,0.736434109,0.825432171
Silver Lake (Dickinson),,,11/5/2003,2004,2003,11,BMB,10100,9.786821705,10.96955911
Silver Lake (Dickinson),,,11/5/2003,2004,2003,11,CAP,21161,20.50484496,22.98285547
Silver Lake (Dickinson),,,10/7/2004,2005,2004,10,BMB,2010,1.947674419,2.183050872
Silver Lake (Dickinson),,,10/7/2004,2005,2004,10,CAP,778,0.753875969,0.84498188
Silver Lake (Dickinson),,,11/2/2004,2005,2004,11,BMB,12,0.011627907,0.01303314
Silver Lake (Dickinson),,,11/3/2004,2005,2004,11,BMB,208,0.201550388,0.225907752
Silver Lake (Dickinson),,,11/2/2004,2005,2004,11,CAP,1100,1.065891473,1.194704457
Silver Lake (Dickinson),,,11/3/2004,2005,2004,11,CAP,490,0.474806202,0.532186531
Silver Lake (Dickinson),,,5/13/2005,2005,2005,5,BMB,2300,2.228682171,2.498018411
Silver Lake (Dickinson),,,5/13/2005,2005,2005,5,CAP,6500,6.298449612,7.059617248
Silver Lake (Dickinson),,,5/11/2006,2006,2006,5,BMB,1600,1.550387597,1.737751938
Silver Lake (Dickinson),,,5/12/2006,2006,2006,5,BMB,2100,2.034883721,2.280799419
Silver Lake (Dickinson),,,5/15/2006,2006,2006,5,BMB,3100,3.003875969,3.36689438
Silver Lake (Dickinson),,,5/11/2006,2006,2006,5,CAP,6800,6.589147287,7.385445736
Silver Lake (Dickinson),,,5/12/2006,2006,2006,5,CAP,4700,4.554263566,5.104646318
Silver Lake (Dickinson),,,5/15/2006,2006,2006,5,CAP,3800,3.682170543,4.127160853
Silver Lake (Dickinson),,,4/18/2007,2007,2007,4,BMB,100,0.096899225,0.108609496
Silver Lake (Dickinson),,,4/18/2007,2007,2007,4,CAP,700,0.678294574,0.760266473
Silver Lake (Dickinson),,,4/23/2010,2010,2010,4,BMB,3200,3.100775194,3.475503876
Silver Lake (Dickinson),,,4/23/2010,2010,2010,4,CAP,20400,19.76744186,22.15633721
Silver Lake (Dickinson),,,4/30/2012,2012,2012,4,BMB,2200,2.131782946,2.389408915
Silver Lake (Dickinson),,,4/30/2012,2012,2012,4,CAP,7400,7.170542636,8.037102713
Silver Lake (Dickinson),,,4/30/2013,2013,2013,4,BMB,10800,10.46511628,11.72982558
Silver Lake (Dickinson),,,4/30/2013,2013,2013,4,CAP,22300,21.60852713,24.21991764
Silver Lake (Dickinson),,,4/22/2014,2014,2014,4,BMB,5300,5.135658915,5.756303295
Silver Lake (Dickinson),,,4/25/2014,2014,2014,4,BMB,1100,1.065891473,1.194704457
Silver Lake (Dickinson),,,4/22/2014,2014,2014,4,CAP,12600,12.20930233,13.68479651
Silver Lake (Dickinson),,,4/25/2014,2014,2014,4,CAP,2600,2.519379845,2.823846899
Silver Lake (Dickinson),,,5/20/2014,2014,2014,5,BMB,6500,6.298449612,7.059617248
Silver Lake (Dickinson),,,5/20/2014,2014,2014,5,CAP,15300,14.8255814,16.61725291
Silver Lake (Dickinson),,,5/19/2015,2015,2015,5,BMB,2100,2.034883721,2.280799419
Silver Lake (Dickinson),,,5/19/2015,2015,2015,5,CAP,11800,11.43410853,12.81592054
Silver Lake (Dickinson),,,10/23/2015,2016,2015,10,BMB,13470,13.05232558,14.62969913
Silver Lake (Dickinson),,,10/23/2015,2016,2015,10,CAP,4790,4.641472868,5.202394864
Silver Lake (Dickinson),,,10/22/2018,2019,2018,10,BMB,61700,59.78682171,67.01205911
Silver Lake (Dickinson),,,10/22/2018,2019,2018,10,CAP,9200,8.914728682,9.992073643
Silver Lake (Dickinson),,,10/14/2019,2020,2019,10,BMB,8350,8.091085271,9.068892926
Silver Lake (Dickinson),,,10/16/2019,2020,2019,10,BMB,9650,9.350775194,10.48081638
Silver Lake (Dickinson),,,10/14/2019,2020,2019,10,CAP,3125,3.028100775,3.394046754
Silver Lake (Dickinson),,,10/16/2019,2020,2019,10,CAP,35246,34.15310078,38.280503
Silver Lake (Dickinson),,,11/3/2019,2020,2019,11,BMB,52200,50.58139535,56.69415698
Silver Lake (Dickinson),,,11/2/2019,2020,2019,11,CAP,300,0.290697674,0.325828488
Silver Lake (Dickinson),,,11/3/2019,2020,2019,11,CAP,28983,28.08430233,31.47829026
